Date,Number_of_Accident,Highest_Temp,Average_Temp,Precipitation
2010-01-01,15,70,60.5,0.0
2010-01-02,6,78,64.0,0.0
2010-01-03,2,79,66.5,0.0
2010-01-04,10,77,66.5,0.0
2010-01-05,11,78,66.0,0.0
2010-01-06,11,76,64.0,0.0
2010-01-07,12,74,61.5,0.0
2010-01-08,12,79,65.0,0.0
2010-01-09,6,77,67.5,0.0
2010-01-10,14,77,65.5,0.0
2010-01-11,14,81,66.5,0.0
2010-01-12,11,73,63.0,0.0
2010-01-13,16,66,60.0,0.16
2010-01-14,18,74,62.5,0.0
2010-01-15,19,76,63.0,0.0
2010-01-16,15,71,62.5,0.0
2010-01-17,18,66,60.0,0.31
2010-01-18,13,62,59.0,1.12
2010-01-19,20,58,54.0,0.61
2010-01-20,15,59,55.0,1.2
2010-01-21,18,58,54.0,0.97
2010-01-22,18,53,49.5,0.37
2010-01-23,11,60,51.0,0.0
2010-01-24,14,64,53.5,0.0
2010-01-25,21,67,56.5,0.0
2010-01-26,16,61,54.0,0.2
2010-01-27,24,69,61.5,0.0
2010-01-28,15,71,60.5,0.0
2010-01-29,23,68,59.0,0.0
2010-01-30,18,64,56.0,0.0
2010-01-31,10,66,56.5,0.0
2010-02-01,13,68,59.0,0.0
2010-02-02,14,66,60.0,0.0
2010-02-03,17,70,59.5,0.0
2010-02-04,15,65,60.0,0.0
2010-02-05,29,58,56.0,0.94
2010-02-06,19,63,57.0,1.91
2010-02-07,13,64,54.5,0.0
2010-02-08,12,64,56.5,0.0
2010-02-09,18,59,52.0,0.44
2010-02-10,15,65,52.5,0.0
2010-02-11,14,65,57.5,0.0
2010-02-12,23,67,58.5,0.0
2010-02-13,23,75,62.0,0.0
2010-02-14,14,81,66.5,0.0
2010-02-15,6,82,69.5,0.0
2010-02-16,19,84,70.5,0.0
2010-02-17,25,80,67.5,0.0
2010-02-18,12,69,62.5,0.0
2010-02-19,17,64,59.0,0.09
2010-02-20,11,64,58.0,0.05
2010-02-21,8,65,59.5,0.03
2010-02-22,24,70,61.0,0.0
2010-02-23,12,69,58.0,0.0
2010-02-24,21,66,59.5,0.01
2010-02-25,12,70,61.5,0.0
2010-02-26,26,75,65.5,0.0
2010-02-27,28,63,57.5,0.8
2010-02-28,11,68,57.5,0.0
2010-03-01,15,71,61.5,0.0
2010-03-02,10,67,61.5,0.0
2010-03-03,13,66,60.0,0.06
2010-03-04,17,64,56.5,0.0
2010-03-05,14,68,58.5,0.0
2010-03-06,20,62,57.0,0.42
2010-03-07,17,66,58.0,0.0
2010-03-08,14,66,60.0,0.0
2010-03-09,10,62,55.5,0.0
2010-03-10,17,64,57.0,0.0
2010-03-11,17,68,57.5,0.0
2010-03-12,18,71,60.0,0.0
2010-03-13,22,66,59.0,0.0
2010-03-14,14,71,60.0,0.0
2010-03-15,20,82,65.5,0.0
2010-03-16,23,88,73.0,0.0
2010-03-17,17,87,74.0,0.0
2010-03-18,20,78,68.5,0.0
2010-03-19,22,74,64.5,0.0
2010-03-20,20,81,67.5,0.0
2010-03-21,8,80,66.0,0.0
2010-03-22,15,72,62.5,0.0
2010-03-23,14,73,65.0,0.0
2010-03-24,13,75,65.0,0.0
2010-03-25,18,67,61.0,0.0
2010-03-26,16,73,63.0,0.0
2010-03-27,20,83,68.0,0.0
2010-03-28,13,85,71.5,0.0
2010-03-29,11,81,69.0,0.0
2010-03-30,6,68,63.0,0.0
2010-03-31,15,66,59.5,0.0
2010-04-01,17,64,57.0,0.0
2010-04-02,15,69,60.5,0.0
2010-04-03,19,70,61.5,0.0
2010-04-04,6,65,59.0,0.03
2010-04-05,19,64,58.5,0.57
2010-04-06,19,72,60.5,0.0
2010-04-07,22,82,67.0,0.0
2010-04-08,13,84,71.0,0.0
2010-04-09,12,76,66.5,0.0
2010-04-10,4,67,62.0,0.0
2010-04-11,12,64,59.0,0.72
2010-04-12,8,65,58.5,0.19
2010-04-13,19,67,58.5,0.0
2010-04-14,15,70,61.0,0.0
2010-04-15,17,73,63.0,0.0
2010-04-16,16,72,63.0,0.0
2010-04-17,9,76,65.5,0.0
2010-04-18,22,76,65.5,0.0
2010-04-19,21,73,65.5,0.0
2010-04-20,27,68,60.0,0.11
2010-04-21,9,63,55.5,0.0
2010-04-22,17,61,55.0,0.0
2010-04-23,19,69,59.0,0.0
2010-04-24,10,70,62.5,0.0
2010-04-25,14,75,64.5,0.0
2010-04-26,14,73,64.0,0.0
2010-04-27,14,67,62.5,0.01
2010-04-28,17,67,62.0,0.02
2010-04-29,12,70,62.5,0.0
2010-04-30,18,75,65.0,0.0
2010-05-01,12,73,64.5,0.0
2010-05-02,17,74,66.5,0.0
2010-05-03,26,81,69.0,0.0
2010-05-04,16,79,68.0,0.0
2010-05-05,16,74,66.5,0.0
2010-05-06,14,75,66.5,0.0
2010-05-07,22,79,68.5,0.0
2010-05-08,17,77,68.0,0.0
2010-05-09,10,68,62.5,0.0
2010-05-10,13,69,62.0,0.0
2010-05-11,9,69,61.0,0.0
2010-05-12,18,74,64.5,0.0
2010-05-13,22,76,67.0,0.0
2010-05-14,14,73,65.5,0.0
2010-05-15,9,73,65.5,0.0
2010-05-16,13,73,65.5,0.0
2010-05-17,10,64,61.0,0.0
2010-05-18,22,69,63.0,0.03
2010-05-19,11,74,66.5,0.0
2010-05-20,12,78,68.5,0.0
2010-05-21,11,73,66.0,0.0
2010-05-22,13,71,63.5,0.0
2010-05-23,9,67,61.5,0.0
2010-05-24,23,70,63.0,0.0
2010-05-25,22,72,63.0,0.0
2010-05-26,14,71,64.5,0.0
2010-05-27,15,69,63.5,0.02
2010-05-28,18,72,63.5,0.0
2010-05-29,15,81,69.0,0.0
2010-05-30,11,84,72.0,0.0
2010-05-31,16,79,70.0,0.0
2010-06-01,19,75,68.0,0.0
2010-06-02,11,75,68.0,0.0
2010-06-03,17,77,68.5,0.0
2010-06-04,8,77,70.0,0.0
2010-06-05,15,81,72.5,0.0
2010-06-06,11,81,73.0,0.0
2010-06-07,26,77,70.5,0.0
2010-06-08,23,74,69.0,0.0
2010-06-09,22,75,69.5,0.0
2010-06-10,14,75,70.0,0.0
2010-06-11,22,74,68.5,0.0
2010-06-12,15,75,69.0,0.0
2010-06-13,19,75,68.5,0.0
2010-06-14,17,79,70.0,0.0
2010-06-15,21,81,72.0,0.0
2010-06-16,9,78,70.5,0.0
2010-06-17,22,78,69.5,0.0
2010-06-18,25,78,70.0,0.0
2010-06-19,19,78,69.5,0.0
2010-06-20,12,79,69.5,0.0
2010-06-21,14,75,68.0,0.0
2010-06-22,10,78,70.0,0.0
2010-06-23,11,78,69.5,0.0
2010-06-24,8,80,71.0,0.0
2010-06-25,18,78,70.5,0.0
2010-06-26,15,76,70.0,0.0
2010-06-27,14,79,71.5,0.0
2010-06-28,17,78,71.0,0.0
2010-06-29,11,73,68.0,0.0
2010-06-30,12,76,69.5,0.0
2010-07-01,22,77,70.0,0.0
2010-07-02,23,77,69.5,0.0
2010-07-03,15,77,70.5,0.0
2010-07-04,11,77,70.0,0.0
2010-07-05,12,75,69.0,0.0
2010-07-06,11,72,67.0,0.0
2010-07-07,10,71,66.5,0.0
2010-07-08,8,70,66.5,0.0
2010-07-09,24,74,68.0,0.0
2010-07-10,12,81,72.5,0.0
2010-07-11,10,79,71.5,0.0
2010-07-12,10,75,69.5,0.0
2010-07-13,18,86,75.0,0.0
2010-07-14,27,94,80.5,0.0
2010-07-15,26,92,81.5,0.0
2010-07-16,26,95,82.5,0.0
2010-07-17,14,90,79.5,0.0
2010-07-18,16,87,77.5,0.0
2010-07-19,7,86,77.0,0.0
2010-07-20,18,80,72.5,0.0
2010-07-21,16,78,72.0,0.0
2010-07-22,8,77,71.5,0.0
2010-07-23,13,77,70.0,0.0
2010-07-24,17,78,70.0,0.0
2010-07-25,10,78,71.0,0.0
2010-07-26,10,76,69.5,0.0
2010-07-27,13,73,68.0,0.0
2010-07-28,16,75,68.5,0.0
2010-07-29,15,78,69.5,0.0
2010-07-30,18,76,69.0,0.0
2010-07-31,12,81,72.0,0.0
2010-08-01,10,79,70.0,0.0
2010-08-02,11,80,69.5,0.0
2010-08-03,16,84,72.5,0.0
2010-08-04,15,80,71.0,0.0
2010-08-05,16,80,71.0,0.0
2010-08-06,18,80,71.0,0.0
2010-08-07,16,79,71.0,0.0
2010-08-08,14,78,70.5,0.0
2010-08-09,17,77,69.5,0.0
2010-08-10,15,79,71.0,0.0
2010-08-11,13,78,70.5,0.0
2010-08-12,12,78,69.5,0.0
2010-08-13,24,78,70.0,0.0
2010-08-14,18,80,70.5,0.0
2010-08-15,13,81,70.5,0.0
2010-08-16,19,83,73.0,0.0
2010-08-17,19,93,81.0,0.0
2010-08-18,8,94,82.5,0.0
2010-08-19,14,90,78.5,0.0
2010-08-20,14,88,76.5,0.0
2010-08-21,25,86,75.0,0.0
2010-08-22,22,91,78.5,0.0
2010-08-23,18,98,81.5,0.0
2010-08-24,22,94,82.5,0.0
2010-08-25,13,90,79.5,0.0
2010-08-26,16,87,77.0,0.0
2010-08-27,13,83,74.0,0.0
2010-08-28,24,77,71.5,0.0
2010-08-29,9,73,69.0,0.0
2010-08-30,13,78,71.0,0.0
2010-08-31,22,82,72.0,0.0
2010-09-01,18,83,72.0,0.0
2010-09-02,12,85,73.0,0.0
2010-09-03,19,83,72.0,0.0
2010-09-04,19,90,76.5,0.0
2010-09-05,14,86,74.0,0.0
2010-09-06,6,80,73.0,0.0
2010-09-07,12,73,69.5,0.0
2010-09-08,12,73,69.5,0.0
2010-09-09,13,78,70.5,0.0
2010-09-10,23,79,69.5,0.0
2010-09-11,16,74,67.0,0.0
2010-09-12,20,77,68.5,0.0
2010-09-13,22,80,70.5,0.0
2010-09-14,13,83,73.5,0.0
2010-09-15,5,81,70.5,0.0
2010-09-16,19,79,69.0,0.0
2010-09-17,17,78,68.5,0.0
2010-09-18,15,81,70.5,0.0
2010-09-19,14,80,69.0,0.0
2010-09-20,9,80,71.0,0.0
2010-09-21,12,72,68.0,0.0
2010-09-22,12,75,69.0,0.0
2010-09-23,11,83,71.5,0.0
2010-09-24,18,94,78.0,0.0
2010-09-25,12,98,82.0,0.0
2010-09-26,10,105,86.5,0.0
2010-09-27,15,113,95.0,0.0
2010-09-28,13,99,88.5,0.0
2010-09-29,8,92,82.0,0.0
2010-09-30,14,94,82.0,0.0
2010-10-01,21,90,80.5,0.0
2010-10-02,15,90,79.0,0.0
2010-10-03,21,80,73.0,0.0
2010-10-04,29,68,64.5,0.1
2010-10-05,16,71,66.5,0.0
2010-10-06,26,70,66.0,0.3
2010-10-07,16,75,68.5,0.0
2010-10-08,7,81,70.0,0.0
2010-10-09,24,88,75.0,0.0
2010-10-10,13,93,78.0,0.0
2010-10-11,12,88,77.5,0.0
2010-10-12,15,82,74.0,0.0
2010-10-13,21,80,72.5,0.0
2010-10-14,7,77,71.5,0.0
2010-10-15,22,74,70.5,0.0
2010-10-16,14,71,69.0,0.0
2010-10-17,15,69,67.0,0.01
2010-10-18,16,71,68.0,0.0
2010-10-19,14,74,69.0,0.04
2010-10-20,13,69,67.0,0.06
2010-10-21,13,70,67.5,0.0
2010-10-22,19,69,64.5,0.02
2010-10-23,11,70,65.0,0.0
2010-10-24,17,71,64.0,0.12
2010-10-25,21,74,67.5,0.08
2010-10-26,20,72,64.0,0.0
2010-10-27,19,82,68.5,0.0
2010-10-28,18,84,71.0,0.0
2010-10-29,17,79,67.0,0.0
2010-10-30,19,68,62.0,0.21
2010-10-31,13,68,61.0,0.0
2010-11-01,22,84,69.0,0.0
2010-11-02,13,90,74.0,0.0
2010-11-03,17,97,80.0,0.0
2010-11-04,19,96,80.5,0.0
2010-11-05,12,88,76.5,0.0
2010-11-06,12,74,66.5,0.0
2010-11-07,18,69,63.0,0.0
2010-11-08,26,68,61.5,0.16
2010-11-09,9,68,58.5,0.0
2010-11-10,12,66,57.0,0.0
2010-11-11,8,74,62.0,0.0
2010-11-12,13,76,61.5,0.0
2010-11-13,21,81,66.0,0.0
2010-11-14,15,78,65.0,0.0
2010-11-15,19,76,64.5,0.0
2010-11-16,17,70,60.5,0.0
2010-11-17,12,71,62.5,0.0
2010-11-18,11,69,59.5,0.0
2010-11-19,19,62,59.5,0.01
2010-11-20,16,64,57.0,0.03
2010-11-21,13,61,55.0,0.21
2010-11-22,20,61,53.0,0.0
2010-11-23,18,61,54.5,0.0
2010-11-24,17,60,53.5,0.0
2010-11-25,10,63,52.5,0.0
2010-11-26,12,68,56.0,0.0
2010-11-27,11,62,51.5,0.12
2010-11-28,14,58,51.0,0.0
2010-11-29,19,63,53.0,0.0
2010-11-30,14,67,53.0,0.0
2010-12-01,19,73,60.5,0.0
2010-12-02,11,74,60.5,0.0
2010-12-03,27,71,59.5,0.0
2010-12-04,20,64,57.0,0.0
2010-12-05,17,68,59.0,0.29
2010-12-06,11,68,59.5,0.03
2010-12-07,19,77,62.5,0.0
2010-12-08,17,73,61.0,0.0
2010-12-09,14,69,59.0,0.0
2010-12-10,25,73,62.0,0.0
2010-12-11,18,78,64.5,0.0
2010-12-12,18,85,71.5,0.0
2010-12-13,19,80,66.0,0.0
2010-12-14,14,60,55.5,0.0
2010-12-15,14,61,57.5,0.0
2010-12-16,15,63,58.0,0.03
2010-12-17,41,57,55.0,0.27
2010-12-18,33,61,59.0,1.19
2010-12-19,30,63,60.0,2.8
2010-12-20,31,61,57.5,1.32
2010-12-21,26,58,55.5,0.89
2010-12-22,23,61,56.5,1.7
2010-12-23,9,62,56.0,0.0
2010-12-24,11,68,57.5,0.0
2010-12-25,15,62,54.5,0.63
2010-12-26,8,63,55.5,0.27
2010-12-27,13,67,55.0,0.0
2010-12-28,11,66,55.5,0.0
2010-12-29,18,57,53.0,0.81
2010-12-30,15,55,50.0,0.0
2010-12-31,18,57,47.0,0.0
2011-01-01,22,59,52.0,0.0
2011-01-02,12,52,48.5,0.47
2011-01-03,7,57,50.5,0.11
2011-01-04,15,64,53.5,0.0
2011-01-05,19,67,56.5,0.0
2011-01-06,14,70,60.5,0.0
2011-01-07,17,63,56.0,0.0
2011-01-08,18,60,55.5,0.0
2011-01-09,12,60,54.0,0.0
2011-01-10,14,63,54.0,0.0
2011-01-11,12,64,57.0,0.0
2011-01-12,15,72,60.0,0.0
2011-01-13,30,75,63.5,0.0
2011-01-14,20,80,65.5,0.0
2011-01-15,17,82,66.5,0.0
2011-01-16,25,81,66.5,0.0
2011-01-17,15,84,69.5,0.0
2011-01-18,16,82,71.0,0.0
2011-01-19,19,70,61.5,0.0
2011-01-20,15,77,63.5,0.0
2011-01-21,15,75,62.0,0.0
2011-01-22,11,71,59.5,0.0
2011-01-23,15,77,62.5,0.0
2011-01-24,18,75,61.0,0.0
2011-01-25,19,76,62.5,0.0
2011-01-26,10,77,62.5,0.0
2011-01-27,14,75,61.0,0.0
2011-01-28,17,74,61.5,0.0
2011-01-29,13,67,56.0,0.0
2011-01-30,14,58,53.5,0.21
2011-01-31,15,65,55.0,0.0
2011-02-01,17,63,56.0,0.0
2011-02-02,11,64,52.5,0.0
2011-02-03,19,62,50.5,0.0
2011-02-04,24,66,54.5,0.0
2011-02-05,29,67,56.0,0.0
2011-02-06,16,76,62.5,0.0
2011-02-07,17,79,65.0,0.0
2011-02-08,17,67,60.0,0.0
2011-02-09,14,70,59.0,0.0
2011-02-10,28,69,56.5,0.0
2011-02-11,21,75,61.0,0.0
2011-02-12,20,80,66.0,0.0
2011-02-13,18,71,60.5,0.0
2011-02-14,18,65,57.0,0.0
2011-02-15,29,64,59.0,0.0
2011-02-16,14,62,55.0,0.65
2011-02-17,23,60,51.5,0.0
2011-02-18,25,62,56.0,0.53
2011-02-19,26,58,51.5,0.91
2011-02-20,22,59,50.0,0.0
2011-02-21,4,60,52.0,0.0
2011-02-22,11,62,52.5,0.0
2011-02-23,13,61,53.0,0.0
2011-02-24,20,60,52.0,0.0
2011-02-25,31,57,53.5,0.97
2011-02-26,18,56,49.5,0.23
2011-02-27,19,58,50.0,0.0
2011-02-28,20,66,53.5,0.0
2011-03-01,14,63,53.0,0.0
2011-03-02,16,65,56.0,0.15
2011-03-03,21,67,59.5,0.01
2011-03-04,23,75,63.5,0.0
2011-03-05,14,79,66.0,0.0
2011-03-06,25,63,57.0,0.0
2011-03-07,20,67,60.5,0.0
2011-03-08,24,70,61.0,0.0
2011-03-09,13,85,69.0,0.0
2011-03-10,20,80,66.5,0.0
2011-03-11,13,71,61.5,0.0
2011-03-12,21,66,58.5,0.0
2011-03-13,20,68,59.0,0.0
2011-03-14,15,72,61.5,0.0
2011-03-15,20,76,66.0,0.0
2011-03-16,16,70,62.0,0.0
2011-03-17,14,71,62.5,0.0
2011-03-18,16,68,59.5,0.0
2011-03-19,19,60,56.0,0.03
2011-03-20,26,56,53.0,2.42
2011-03-21,24,58,53.0,0.16
2011-03-22,16,61,54.0,0.0
2011-03-23,28,62,54.0,0.39
2011-03-24,28,62,53.0,0.15
2011-03-25,21,62,56.0,0.46
2011-03-26,15,59,54.0,0.0
2011-03-27,15,64,58.5,0.19
2011-03-28,16,67,58.5,0.0
2011-03-29,13,71,60.5,0.0
2011-03-30,30,81,67.0,0.0
2011-03-31,31,92,75.0,0.0
2011-04-01,32,89,75.0,0.0
2011-04-02,23,69,64.0,0.0
2011-04-03,14,67,62.0,0.0
2011-04-04,18,79,66.5,0.0
2011-04-05,24,72,63.5,0.0
2011-04-06,14,71,64.0,0.0
2011-04-07,14,64,57.0,0.0
2011-04-08,22,58,51.5,0.0
2011-04-09,17,61,53.0,0.0
2011-04-10,21,68,59.5,0.0
2011-04-11,10,71,61.0,0.0
2011-04-12,20,71,62.5,0.0
2011-04-13,17,64,59.0,0.0
2011-04-14,33,76,64.0,0.0
2011-04-15,21,85,71.0,0.0
2011-04-16,16,91,77.0,0.0
2011-04-17,12,77,69.0,0.0
2011-04-18,26,67,62.0,0.0
2011-04-19,16,70,63.0,0.0
2011-04-20,22,69,62.5,0.0
2011-04-21,24,68,62.0,0.0
2011-04-22,20,69,63.0,0.0
2011-04-23,20,69,63.0,0.0
2011-04-24,22,67,62.5,0.0
2011-04-25,23,70,62.5,0.0
2011-04-26,12,77,67.0,0.0
2011-04-27,14,85,71.5,0.0
2011-04-28,20,79,68.5,0.0
2011-04-29,19,74,65.5,0.0
2011-04-30,20,80,67.5,0.0
2011-05-01,20,83,70.5,0.0
2011-05-02,14,87,73.0,0.0
2011-05-03,22,93,77.5,0.0
2011-05-04,18,91,76.5,0.0
2011-05-05,23,84,70.5,0.0
2011-05-06,20,75,66.0,0.0
2011-05-07,28,70,64.0,0.0
2011-05-08,17,67,61.0,0.0
2011-05-09,10,69,62.0,0.03
2011-05-10,24,69,61.0,0.0
2011-05-11,11,73,64.5,0.0
2011-05-12,18,76,66.0,0.0
2011-05-13,17,74,66.0,0.0
2011-05-14,16,67,62.0,0.0
2011-05-15,15,66,59.5,0.07
2011-05-16,15,65,58.0,0.0
2011-05-17,13,66,58.5,0.18
2011-05-18,17,67,60.0,0.17
2011-05-19,12,70,63.0,0.0
2011-05-20,24,72,63.0,0.0
2011-05-21,19,73,64.0,0.0
2011-05-22,24,70,64.0,0.0
2011-05-23,14,68,62.0,0.0
2011-05-24,15,71,62.0,0.0
2011-05-25,20,75,65.5,0.0
2011-05-26,13,73,65.0,0.0
2011-05-27,12,75,66.0,0.0
2011-05-28,12,73,65.0,0.0
2011-05-29,26,73,64.5,0.0
2011-05-30,12,76,66.0,0.0
2011-05-31,19,72,63.0,0.0
2011-06-01,13,69,61.5,0.0
2011-06-02,14,74,64.5,0.0
2011-06-03,32,77,66.5,0.0
2011-06-04,21,71,64.0,0.0
2011-06-05,18,74,65.0,0.0
2011-06-06,22,71,64.0,0.0
2011-06-07,20,74,65.5,0.0
2011-06-08,13,70,64.5,0.0
2011-06-09,16,69,63.5,0.0
2011-06-10,28,69,64.0,0.0
2011-06-11,17,69,64.0,0.0
2011-06-12,15,71,65.0,0.0
2011-06-13,32,73,66.0,0.0
2011-06-14,30,76,67.0,0.0
2011-06-15,16,78,68.0,0.0
2011-06-16,26,71,66.0,0.0
2011-06-17,25,72,66.0,0.01
2011-06-18,27,74,67.0,0.0
2011-06-19,13,69,64.5,0.0
2011-06-20,21,77,68.5,0.0
2011-06-21,18,80,70.0,0.0
2011-06-22,19,77,69.0,0.0
2011-06-23,12,79,70.0,0.0
2011-06-24,33,77,69.5,0.0
2011-06-25,26,77,69.0,0.0
2011-06-26,8,80,69.5,0.0
2011-06-27,23,82,71.0,0.0
2011-06-28,20,78,70.0,0.0
2011-06-29,18,75,68.5,0.0
2011-06-30,24,81,70.5,0.0
2011-07-01,36,85,74.0,0.0
2011-07-02,20,84,74.5,0.0
2011-07-03,21,81,72.0,0.0
2011-07-04,25,88,75.5,0.0
2011-07-05,17,89,78.5,0.0
2011-07-06,23,85,76.5,0.0
2011-07-07,13,88,78.0,0.0
2011-07-08,21,84,75.0,0.0
2011-07-09,19,81,73.0,0.0
2011-07-10,20,79,71.5,0.0
2011-07-11,13,79,71.0,0.0
2011-07-12,18,76,70.0,0.0
2011-07-13,14,76,69.5,0.0
2011-07-14,16,74,68.0,0.0
2011-07-15,28,78,70.0,0.0
2011-07-16,18,77,68.5,0.0
2011-07-17,13,78,69.0,0.0
2011-07-18,13,82,72.0,0.0
2011-07-19,21,86,74.5,0.0
2011-07-20,17,80,70.0,0.0
2011-07-21,21,78,69.5,0.0
2011-07-22,24,78,70.0,0.0
2011-07-23,20,79,70.5,0.0
2011-07-24,19,77,68.5,0.0
2011-07-25,12,84,74.5,0.0
2011-07-26,23,84,74.5,0.0
2011-07-27,15,78,72.0,0.0
2011-07-28,15,79,72.0,0.0
2011-07-29,22,76,70.0,0.0
2011-07-30,23,76,69.5,0.0
2011-07-31,14,82,73.0,0.0
2011-08-01,28,86,75.0,0.0
2011-08-02,26,85,75.0,0.0
2011-08-03,31,85,73.0,0.0
2011-08-04,26,83,71.0,0.0
2011-08-05,20,79,69.5,0.0
2011-08-06,20,80,69.5,0.0
2011-08-07,13,80,69.5,0.0
2011-08-08,29,81,71.0,0.0
2011-08-09,14,80,71.0,0.0
2011-08-10,15,77,70.5,0.0
2011-08-11,15,76,69.5,0.0
2011-08-12,20,76,69.0,0.0
2011-08-13,22,78,70.0,0.0
2011-08-14,25,78,70.5,0.0
2011-08-15,25,82,72.5,0.0
2011-08-16,14,80,71.0,0.0
2011-08-17,21,81,71.0,0.0
2011-08-18,21,82,72.0,0.0
2011-08-19,9,77,70.5,0.0
2011-08-20,17,79,71.0,0.0
2011-08-21,16,79,70.5,0.0
2011-08-22,15,79,70.0,0.0
2011-08-23,16,83,73.0,0.0
2011-08-24,19,82,72.5,0.0
2011-08-25,24,90,77.5,0.0
2011-08-26,16,92,80.5,0.0
2011-08-27,18,93,81.0,0.0
2011-08-28,19,87,77.5,0.0
2011-08-29,21,85,75.5,0.0
2011-08-30,17,79,70.5,0.0
2011-08-31,13,78,68.5,0.0
2011-09-01,11,77,68.0,0.0
2011-09-02,22,76,67.0,0.0
2011-09-03,13,76,66.5,0.0
2011-09-04,15,77,68.0,0.0
2011-09-05,13,88,76.0,0.0
2011-09-06,17,97,81.5,0.0
2011-09-07,26,96,83.0,0.0
2011-09-08,31,92,80.5,0.0
2011-09-09,29,81,72.5,0.0
2011-09-10,24,75,69.0,0.0
2011-09-11,15,78,70.5,0.0
2011-09-12,13,80,70.0,0.0
2011-09-13,23,80,71.5,0.0
2011-09-14,24,77,69.5,0.0
2011-09-15,20,79,70.5,0.0
2011-09-16,31,70,67.0,0.0
2011-09-17,25,74,68.0,0.0
2011-09-18,21,78,68.0,0.0
2011-09-19,18,74,67.0,0.0
2011-09-20,34,78,69.5,0.0
2011-09-21,23,78,69.5,0.0
2011-09-22,36,83,71.5,0.0
2011-09-23,26,79,70.0,0.0
2011-09-24,20,71,67.0,0.0
2011-09-25,14,71,66.0,0.0
2011-09-26,18,75,68.0,0.0
2011-09-27,28,84,72.5,0.0
2011-09-28,18,76,70.0,0.0
2011-09-29,13,79,70.5,0.0
2011-09-30,26,74,68.0,0.0
2011-10-01,16,85,72.5,0.0
2011-10-02,14,82,72.5,0.0
2011-10-03,25,78,69.5,0.0
2011-10-04,14,70,65.5,0.0
2011-10-05,24,64,60.0,1.15
2011-10-06,23,69,60.0,0.0
2011-10-07,16,72,62.5,0.0
2011-10-08,14,76,65.0,0.0
2011-10-09,15,82,69.0,0.0
2011-10-10,16,78,67.0,0.0
2011-10-11,19,81,69.5,0.0
2011-10-12,23,99,81.0,0.0
2011-10-13,18,98,83.0,0.0
2011-10-14,20,84,73.5,0.0
2011-10-15,16,74,67.5,0.0
2011-10-16,29,75,67.0,0.0
2011-10-17,31,81,69.5,0.0
2011-10-18,10,71,64.5,0.0
2011-10-19,22,70,65.0,0.0
2011-10-20,14,70,65.0,0.0
2011-10-21,24,70,64.0,0.0
2011-10-22,13,79,66.5,0.0
2011-10-23,23,75,66.5,0.0
2011-10-24,19,68,63.5,0.0
2011-10-25,21,65,61.5,0.02
2011-10-26,21,68,61.5,0.0
2011-10-27,31,77,63.5,0.0
2011-10-28,30,79,65.0,0.0
2011-10-29,17,81,66.0,0.0
2011-10-30,18,84,68.0,0.0
2011-10-31,29,73,63.0,0.0
2011-11-01,23,71,63.0,0.0
2011-11-02,24,82,67.0,0.0
2011-11-03,23,73,62.5,0.0
2011-11-04,18,63,57.0,0.16
2011-11-05,23,63,54.5,0.0
2011-11-06,19,61,54.5,0.36
2011-11-07,23,64,54.0,0.0
2011-11-08,14,69,57.5,0.0
2011-11-09,25,76,60.5,0.0
2011-11-10,20,75,65.5,0.0
2011-11-11,22,72,65.0,0.0
2011-11-12,17,64,59.0,0.16
2011-11-13,19,72,62.5,0.0
2011-11-14,24,67,58.5,0.0
2011-11-15,20,66,60.5,0.0
2011-11-16,17,67,61.0,0.0
2011-11-17,27,73,62.0,0.0
2011-11-18,28,61,58.5,0.0
2011-11-19,23,63,58.5,0.0
2011-11-20,18,56,53.5,0.9
2011-11-21,32,62,54.0,0.0
2011-11-22,31,69,58.0,0.0
2011-11-23,18,66,56.5,0.0
2011-11-24,8,62,56.0,0.0
2011-11-25,10,66,56.5,0.0
2011-11-26,17,82,64.0,0.0
2011-11-27,11,82,68.0,0.0
2011-11-28,26,81,69.0,0.0
2011-11-29,13,80,67.5,0.0
2011-11-30,21,69,59.0,0.0
2011-12-01,23,67,59.0,0.0
2011-12-02,19,64,55.5,0.0
2011-12-03,17,65,55.0,0.0
2011-12-04,16,63,51.0,0.0
2011-12-05,16,64,52.5,0.0
2011-12-06,14,63,50.0,0.0
2011-12-07,19,67,54.0,0.0
2011-12-08,22,67,54.5,0.0
2011-12-09,32,69,55.5,0.0
2011-12-10,17,70,57.5,0.0
2011-12-11,14,59,53.0,0.0
2011-12-12,28,53,50.5,0.79
2011-12-13,23,62,54.0,0.17
2011-12-14,25,61,53.0,0.0
2011-12-15,26,58,50.5,0.04
2011-12-16,29,68,54.0,0.0
2011-12-17,10,64,56.0,0.01
2011-12-18,15,63,55.0,0.0
2011-12-19,17,58,53.0,0.0
2011-12-20,19,64,54.5,0.0
2011-12-21,21,64,53.5,0.0
2011-12-22,26,65,54.5,0.0
2011-12-23,23,67,53.0,0.0
2011-12-24,16,71,55.5,0.0
2011-12-25,16,72,56.0,0.0
2011-12-26,8,71,56.5,0.0
2011-12-27,15,69,55.0,0.0
2011-12-28,16,76,60.0,0.0
2011-12-29,18,73,60.0,0.0
2011-12-30,12,66,56.0,0.0
2011-12-31,15,74,57.5,0.0
2012-01-01,50,82,64.0,0.0
2012-01-02,37,80,62.5,0.0
2012-01-03,62,79,64.5,0.0
2012-01-04,55,86,70.5,0.0
2012-01-05,66,82,68.5,0.0
2012-01-06,69,73,61.0,0.0
2012-01-07,48,64,56.5,0.0
2012-01-08,40,69,56.5,0.0
2012-01-09,76,74,60.0,0.0
2012-01-10,50,70,58.5,0.0
2012-01-11,64,67,57.0,0.0
2012-01-12,80,75,63.0,0.0
2012-01-13,99,76,60.0,0.0
2012-01-14,46,69,58.0,0.0
2012-01-15,58,63,54.5,0.0
2012-01-16,44,59,54.5,0.0
2012-01-17,60,59,51.0,0.0
2012-01-18,84,64,53.5,0.0
2012-01-19,81,64,53.0,0.0
2012-01-20,72,62,55.5,0.0
2012-01-21,71,63,56.0,0.68
2012-01-22,49,62,54.5,0.0
2012-01-23,118,54,50.5,0.62
2012-01-24,82,68,56.0,0.0
2012-01-25,64,79,63.5,0.0
2012-01-26,66,79,64.5,0.0
2012-01-27,63,78,65.5,0.0
2012-01-28,68,76,60.5,0.0
2012-01-29,41,77,62.0,0.0
2012-01-30,43,69,57.5,0.0
2012-01-31,40,66,58.0,0.0
2012-02-01,51,67,57.5,0.0
2012-02-02,69,67,58.0,0.0
2012-02-03,73,72,59.0,0.0
2012-02-04,84,72,59.5,0.0
2012-02-05,71,73,60.0,0.0
2012-02-06,62,71,59.5,0.0
2012-02-07,67,64,59.5,0.01
2012-02-08,89,75,62.0,0.0
2012-02-09,71,80,65.5,0.0
2012-02-10,84,71,60.5,0.0
2012-02-11,60,62,58.0,0.01
2012-02-12,70,63,57.0,0.0
2012-02-13,81,59,54.0,0.01
2012-02-14,77,61,52.5,0.0
2012-02-15,67,57,51.0,0.13
2012-02-16,77,69,55.0,0.0
2012-02-17,82,70,59.5,0.0
2012-02-18,72,64,56.0,0.0
2012-02-19,62,62,54.5,0.0
2012-02-20,49,62,55.0,0.0
2012-02-21,90,74,59.5,0.0
2012-02-22,84,77,63.0,0.0
2012-02-23,77,79,64.5,0.0
2012-02-24,111,72,61.5,0.0
2012-02-25,96,64,57.5,0.0
2012-02-26,71,64,57.0,0.0
2012-02-27,81,57,51.5,0.0
2012-02-28,87,58,50.0,0.0
2012-02-29,70,59,51.0,0.0
2012-03-01,83,62,55.5,0.0
2012-03-02,116,71,58.5,0.0
2012-03-03,102,76,62.0,0.0
2012-03-04,85,87,71.0,0.0
2012-03-05,92,81,66.5,0.0
2012-03-06,76,60,55.0,0.0
2012-03-07,95,63,55.0,0.0
2012-03-08,85,72,57.0,0.0
2012-03-09,121,82,64.5,0.0
2012-03-10,87,74,61.5,0.0
2012-03-11,92,65,58.5,0.0
2012-03-12,87,65,58.5,0.0
2012-03-13,82,63,57.0,0.0
2012-03-14,109,66,58.0,0.0
2012-03-15,94,64,58.5,0.0
2012-03-16,92,60,57.0,0.0
2012-03-17,155,56,50.0,0.75
2012-03-18,93,58,51.0,0.01
2012-03-19,94,60,52.5,0.0
2012-03-20,91,68,56.5,0.0
2012-03-21,83,74,61.5,0.0
2012-03-22,72,71,60.5,0.0
2012-03-23,93,66,59.5,0.0
2012-03-24,101,68,59.5,0.0
2012-03-25,86,58,52.5,0.91
2012-03-26,79,64,55.5,0.04
2012-03-27,90,65,56.0,0.0
2012-03-28,86,68,58.0,0.0
2012-03-29,106,68,61.0,0.0
2012-03-30,91,68,60.5,0.0
2012-03-31,103,64,57.0,0.04
2012-04-01,78,68,57.0,0.0
2012-04-02,78,79,64.5,0.0
2012-04-03,67,77,64.5,0.0
2012-04-04,87,72,62.5,0.0
2012-04-05,83,67,60.0,0.0
2012-04-06,100,72,60.5,0.0
2012-04-07,71,84,69.0,0.0
2012-04-08,63,81,65.5,0.0
2012-04-09,72,78,64.0,0.0
2012-04-10,91,70,59.5,0.15
2012-04-11,74,63,57.5,0.58
2012-04-12,98,65,57.0,0.0
2012-04-13,95,57,51.5,0.49
2012-04-14,93,62,53.0,0.0
2012-04-15,80,67,59.0,0.0
2012-04-16,101,77,63.5,0.0
2012-04-17,86,81,68.0,0.0
2012-04-18,77,76,65.5,0.0
2012-04-19,117,73,64.5,0.0
2012-04-20,94,81,68.5,0.0
2012-04-21,117,75,66.0,0.0
2012-04-22,73,69,62.5,0.0
2012-04-23,90,62,58.5,0.0
2012-04-24,105,72,63.0,0.0
2012-04-25,81,85,71.5,0.2
2012-04-26,90,68,62.5,0.29
2012-04-27,106,71,63.0,0.0
2012-04-28,109,77,65.5,0.0
2012-04-29,84,76,67.0,0.0
2012-04-30,88,69,63.5,0.0
2012-05-01,80,62,59.5,0.0
2012-05-02,86,65,61.5,0.0
2012-05-03,100,68,62.5,0.0
2012-05-04,94,69,61.5,0.0
2012-05-05,126,74,64.5,0.0
2012-05-06,96,74,66.5,0.0
2012-05-07,86,75,67.0,0.0
2012-05-08,102,71,64.0,0.0
2012-05-09,97,80,68.5,0.0
2012-05-10,87,74,66.5,0.0
2012-05-11,105,73,65.5,0.0
2012-05-12,89,71,64.5,0.0
2012-05-13,91,70,63.5,0.0
2012-05-14,103,76,65.5,0.0
2012-05-15,90,73,64.5,0.0
2012-05-16,102,81,69.5,0.0
2012-05-17,83,77,68.5,0.0
2012-05-18,98,71,64.5,0.0
2012-05-19,127,73,66.5,0.0
2012-05-20,102,76,67.0,0.0
2012-05-21,105,79,69.0,0.0
2012-05-22,110,77,68.0,0.0
2012-05-23,99,73,67.5,0.0
2012-05-24,92,73,67.0,0.0
2012-05-25,110,66,61.0,0.01
2012-05-26,81,67,60.5,0.0
2012-05-27,90,72,63.5,0.0
2012-05-28,70,78,67.5,0.0
2012-05-29,100,79,69.5,0.0
2012-05-30,80,74,66.0,0.0
2012-05-31,97,78,68.5,0.0
2012-06-01,114,77,68.5,0.0
2012-06-02,112,74,67.5,0.0
2012-06-03,84,74,68.0,0.0
2012-06-04,92,70,65.5,0.0
2012-06-05,106,75,67.0,0.0
2012-06-06,86,75,66.5,0.0
2012-06-07,98,80,71.0,0.0
2012-06-08,116,77,69.0,0.0
2012-06-09,85,73,67.0,0.0
2012-06-10,65,76,68.5,0.0
2012-06-11,98,74,67.5,0.0
2012-06-12,87,73,67.0,0.0
2012-06-13,93,74,68.0,0.0
2012-06-14,85,73,67.0,0.0
2012-06-15,97,73,67.0,0.0
2012-06-16,92,75,68.5,0.0
2012-06-17,78,77,68.5,0.0
2012-06-18,80,73,66.5,0.0
2012-06-19,99,74,67.0,0.0
2012-06-20,93,73,67.0,0.0
2012-06-21,98,74,67.5,0.0
2012-06-22,101,74,67.0,0.0
2012-06-23,97,74,66.5,0.0
2012-06-24,87,80,69.5,0.0
2012-06-25,91,79,68.5,0.0
2012-06-26,98,80,69.0,0.0
2012-06-27,101,82,70.5,0.0
2012-06-28,90,79,69.5,0.0
2012-06-29,96,79,69.5,0.0
2012-06-30,97,80,70.0,0.0
2012-07-01,91,77,69.5,0.0
2012-07-02,89,78,70.0,0.0
2012-07-03,94,76,69.5,0.0
2012-07-04,83,73,67.5,0.0
2012-07-05,79,74,68.0,0.0
2012-07-06,107,76,68.5,0.0
2012-07-07,80,74,66.0,0.0
2012-07-08,83,76,66.5,0.0
2012-07-09,100,82,70.5,0.0
2012-07-10,91,85,74.0,0.0
2012-07-11,92,87,74.5,0.0
2012-07-12,82,80,72.0,0.01
2012-07-13,102,85,75.0,0.0
2012-07-14,99,83,72.0,0.0
2012-07-15,89,79,71.0,0.0
2012-07-16,89,75,68.5,0.0
2012-07-17,98,77,69.5,0.0
2012-07-18,100,79,70.0,0.0
2012-07-19,98,92,79.0,0.0
2012-07-20,114,86,75.5,0.0
2012-07-21,86,83,73.5,0.0
2012-07-22,79,80,71.5,0.0
2012-07-23,84,77,68.5,0.0
2012-07-24,87,78,69.0,0.0
2012-07-25,96,78,69.0,0.0
2012-07-26,78,76,68.0,0.0
2012-07-27,103,77,68.5,0.0
2012-07-28,100,79,69.0,0.0
2012-07-29,76,79,69.5,0.0
2012-07-30,97,79,70.5,0.0
2012-07-31,76,82,72.0,0.0
2012-08-01,86,80,71.5,0.0
2012-08-02,81,82,71.5,0.0
2012-08-03,120,78,70.5,0.0
2012-08-04,95,79,71.0,0.0
2012-08-05,80,79,70.5,0.0
2012-08-06,108,86,75.5,0.0
2012-08-07,117,91,79.0,0.0
2012-08-08,89,89,78.5,0.0
2012-08-09,100,90,79.0,0.0
2012-08-10,104,89,78.0,0.0
2012-08-11,103,92,81.0,0.0
2012-08-12,92,92,81.5,0.0
2012-08-13,102,90,79.5,0.0
2012-08-14,90,88,78.0,0.0
2012-08-15,115,84,75.0,0.0
2012-08-16,90,89,77.5,0.0
2012-08-17,118,93,81.5,0.0
2012-08-18,81,94,82.5,0.0
2012-08-19,85,91,81.0,0.0
2012-08-20,97,90,80.0,0.0
2012-08-21,103,86,77.5,0.0
2012-08-22,85,83,74.5,0.0
2012-08-23,106,79,72.5,0.0
2012-08-24,105,82,74.0,0.0
2012-08-25,100,77,71.0,0.0
2012-08-26,80,79,71.5,0.0
2012-08-27,102,86,73.5,0.0
2012-08-28,83,90,78.5,0.0
2012-08-29,93,92,82.0,0.0
2012-08-30,100,90,80.5,0.0
2012-08-31,119,86,77.0,0.0
2012-09-01,93,88,75.5,0.0
2012-09-02,66,87,74.0,0.0
2012-09-03,78,85,74.0,0.0
2012-09-04,104,91,78.0,0.0
2012-09-05,78,84,76.5,0.0
2012-09-06,99,88,78.0,0.0
2012-09-07,120,84,76.5,0.0
2012-09-08,89,88,77.5,0.0
2012-09-09,100,90,79.5,0.0
2012-09-10,96,89,81.0,0.0
2012-09-11,87,80,74.0,0.0
2012-09-12,94,80,73.5,0.0
2012-09-13,94,82,74.5,0.0
2012-09-14,106,100,83.5,0.0
2012-09-15,97,103,87.5,0.0
2012-09-16,93,88,78.5,0.0
2012-09-17,97,82,73.5,0.0
2012-09-18,91,83,73.0,0.0
2012-09-19,97,83,73.5,0.0
2012-09-20,108,89,77.0,0.0
2012-09-21,106,91,79.0,0.0
2012-09-22,101,90,79.0,0.0
2012-09-23,83,94,80.5,0.0
2012-09-24,106,84,74.0,0.0
2012-09-25,92,79,70.0,0.0
2012-09-26,70,78,70.0,0.0
2012-09-27,95,80,71.0,0.0
2012-09-28,118,84,73.5,0.0
2012-09-29,99,85,74.5,0.0
2012-09-30,92,93,78.5,0.0
2012-10-01,104,95,80.5,0.0
2012-10-02,107,93,80.5,0.0
2012-10-03,87,83,73.0,0.0
2012-10-04,92,76,69.0,0.0
2012-10-05,107,77,69.5,0.0
2012-10-06,93,79,70.5,0.0
2012-10-07,91,80,71.5,0.0
2012-10-08,89,77,70.0,0.0
2012-10-09,105,76,69.5,0.0
2012-10-10,84,75,67.5,0.0
2012-10-11,109,75,66.5,0.01
2012-10-12,110,72,63.5,0.0
2012-10-13,83,77,67.0,0.0
2012-10-14,82,92,75.5,0.0
2012-10-15,104,93,79.0,0.0
2012-10-16,94,91,76.5,0.0
2012-10-17,109,97,80.5,0.0
2012-10-18,103,81,74.0,0.0
2012-10-19,128,79,71.5,0.0
2012-10-20,71,73,69.0,0.0
2012-10-21,82,74,69.0,0.0
2012-10-22,93,72,67.5,0.0
2012-10-23,92,71,65.5,0.01
2012-10-24,106,75,66.0,0.0
2012-10-25,108,85,73.5,0.0
2012-10-26,104,86,72.0,0.0
2012-10-27,106,91,75.0,0.0
2012-10-28,89,89,73.5,0.0
2012-10-29,88,84,70.5,0.0
2012-10-30,113,76,65.0,0.0
2012-10-31,104,71,64.0,0.0
2012-11-01,96,70,63.0,0.0
2012-11-02,114,71,64.5,0.0
2012-11-03,93,77,65.5,0.0
2012-11-04,86,90,72.0,0.0
2012-11-05,87,94,76.5,0.0
2012-11-06,109,84,71.0,0.0
2012-11-07,74,71,65.0,0.0
2012-11-08,99,68,63.5,0.01
2012-11-09,96,65,58.0,0.0
2012-11-10,85,64,54.5,0.0
2012-11-11,80,67,55.5,0.0
2012-11-12,76,74,58.5,0.0
2012-11-13,88,84,68.0,0.0
2012-11-14,94,80,66.5,0.0
2012-11-15,88,68,61.0,0.01
2012-11-16,119,71,63.5,0.03
2012-11-17,130,68,64.0,0.28
2012-11-18,98,70,63.5,0.0
2012-11-19,84,70,61.5,0.0
2012-11-20,74,72,61.0,0.0
2012-11-21,85,69,60.0,0.0
2012-11-22,62,73,63.0,0.0
2012-11-23,76,78,63.5,0.0
2012-11-24,82,86,67.5,0.0
2012-11-25,65,71,62.0,0.0
2012-11-26,93,68,60.5,0.0
2012-11-27,76,70,60.5,0.0
2012-11-28,85,68,62.0,0.03
2012-11-29,104,64,61.0,0.21
2012-11-30,107,66,63.5,0.46
2012-12-01,110,67,63.0,0.03
2012-12-02,89,66,62.5,0.08
2012-12-03,114,69,63.0,0.19
2012-12-04,91,68,61.5,0.0
2012-12-05,99,66,58.0,0.0
2012-12-06,102,68,61.0,0.0
2012-12-07,108,68,59.5,0.0
2012-12-08,96,67,58.5,0.0
2012-12-09,87,68,60.5,0.0
2012-12-10,91,74,61.5,0.0
2012-12-11,95,72,60.0,0.0
2012-12-12,88,62,58.5,0.04
2012-12-13,98,62,55.5,0.03
2012-12-14,115,59,51.0,0.08
2012-12-15,98,62,53.5,0.0
2012-12-16,101,55,53.5,0.04
2012-12-17,78,64,59.5,0.0
2012-12-18,100,63,58.5,0.43
2012-12-19,86,63,54.0,0.0
2012-12-20,76,67,54.0,0.0
2012-12-21,106,66,55.0,0.0
2012-12-22,82,63,52.5,0.0
2012-12-23,75,65,59.0,0.0
2012-12-24,98,64,56.5,0.46
2012-12-25,52,62,54.5,0.0
2012-12-26,79,63,56.0,0.33
2012-12-27,65,63,55.5,0.0
2012-12-28,66,64,53.5,0.0
2012-12-29,71,53,48.0,0.45
2012-12-30,59,59,49.0,0.0
2012-12-31,76,60,49.5,0.0
2013-01-01,85,61,52.0,0.0
2013-01-02,65,65,52.5,0.0
2013-01-03,98,71,55.0,0.0
2013-01-04,95,68,55.5,0.0
2013-01-05,95,67,54.0,0.0
2013-01-06,67,59,52.5,0.12
2013-01-07,83,69,56.5,0.0
2013-01-08,96,73,58.0,0.0
2013-01-09,76,69,57.5,0.0
2013-01-10,98,59,52.0,0.03
2013-01-11,101,56,50.0,0.0
2013-01-12,100,57,48.0,0.0
2013-01-13,78,58,47.5,0.0
2013-01-14,97,58,46.0,0.0
2013-01-15,96,61,48.5,0.0
2013-01-16,103,69,53.5,0.0
2013-01-17,95,78,60.0,0.0
2013-01-18,99,79,64.5,0.0
2013-01-19,108,79,64.5,0.0
2013-01-20,94,81,64.5,0.0
2013-01-21,66,81,63.0,0.0
2013-01-22,92,81,66.0,0.0
2013-01-23,80,78,66.0,0.02
2013-01-24,92,66,60.5,0.79
2013-01-25,134,67,63.0,0.17
2013-01-26,98,68,61.5,0.02
2013-01-27,90,62,56.5,0.03
2013-01-28,77,61,54.5,0.0
2013-01-29,71,61,53.0,0.0
2013-01-30,89,70,57.5,0.0
2013-01-31,95,78,62.5,0.0
2013-02-01,103,76,63.0,0.0
2013-02-02,99,75,65.5,0.0
2013-02-03,97,77,66.5,0.0
2013-02-04,101,70,60.0,0.0
2013-02-05,82,60,57.0,0.0
2013-02-06,106,64,57.0,0.0
2013-02-07,70,61,53.0,0.0
2013-02-08,102,55,49.5,0.02
2013-02-09,81,59,49.0,0.0
2013-02-10,63,58,51.0,0.0
2013-02-11,80,63,53.0,0.0
2013-02-12,97,65,53.0,0.0
2013-02-13,84,69,55.5,0.0
2013-02-14,120,75,60.0,0.0
2013-02-15,98,81,64.0,0.0
2013-02-16,82,82,67.5,0.0
2013-02-17,80,70,58.5,0.0
2013-02-18,63,64,58.5,0.0
2013-02-19,94,57,52.0,0.18
2013-02-20,95,61,51.0,0.0
2013-02-21,89,62,54.0,0.0
2013-02-22,102,68,55.5,0.0
2013-02-23,106,64,54.0,0.0
2013-02-24,82,68,57.5,0.0
2013-02-25,95,71,57.5,0.0
2013-02-26,105,74,58.5,0.0
2013-02-27,116,76,61.5,0.0
2013-02-28,91,80,64.5,0.0
2013-03-01,118,85,67.5,0.0
2013-03-02,124,84,70.5,0.0
2013-03-03,84,71,62.5,0.0
2013-03-04,87,68,60.5,0.0
2013-03-05,88,65,58.5,0.0
2013-03-06,87,63,56.5,0.01
2013-03-07,108,64,58.5,0.02
2013-03-08,128,60,53.0,0.49
2013-03-09,99,65,55.5,0.0
2013-03-10,73,71,58.5,0.0
2013-03-11,100,77,62.5,0.0
2013-03-12,101,76,62.5,0.0
2013-03-13,109,85,67.5,0.0
2013-03-14,110,77,64.5,0.0
2013-03-15,111,77,65.0,0.0
2013-03-16,98,68,60.5,0.0
2013-03-17,89,66,59.5,0.0
2013-03-18,89,66,60.0,0.0
2013-03-19,89,67,59.5,0.0
2013-03-20,87,69,61.5,0.0
2013-03-21,76,72,63.5,0.0
2013-03-22,123,72,63.5,0.0
2013-03-23,100,72,63.5,0.0
2013-03-24,84,77,65.5,0.0
2013-03-25,82,75,63.5,0.0
2013-03-26,85,71,62.5,0.0
2013-03-27,81,71,62.5,0.0
2013-03-28,99,73,64.0,0.0
2013-03-29,94,72,64.0,0.0
2013-03-30,108,71,63.0,0.0
2013-03-31,77,67,60.5,0.02
2013-04-01,103,67,59.5,0.0
2013-04-02,103,71,62.5,0.0
2013-04-03,102,76,65.5,0.0
2013-04-04,103,69,62.5,0.0
2013-04-05,106,70,63.5,0.0
2013-04-06,89,71,64.0,0.0
2013-04-07,83,73,65.0,0.0
2013-04-08,86,69,63.0,0.0
2013-04-09,113,76,65.0,0.0
2013-04-10,82,80,66.0,0.0
2013-04-11,110,76,65.0,0.0
2013-04-12,108,70,63.0,0.0
2013-04-13,92,64,60.0,0.0
2013-04-14,75,65,60.5,0.0
2013-04-15,88,65,59.0,0.0
2013-04-16,82,67,58.5,0.0
2013-04-17,86,76,65.0,0.0
2013-04-18,87,78,64.5,0.0
2013-04-19,125,84,69.5,0.0
2013-04-20,82,84,70.0,0.0
2013-04-21,99,80,68.5,0.0
2013-04-22,98,72,64.5,0.0
2013-04-23,102,73,65.5,0.0
2013-04-24,100,63,60.5,0.0
2013-04-25,103,71,64.0,0.0
2013-04-26,135,74,65.0,0.0
2013-04-27,115,72,63.5,0.0
2013-04-28,87,74,66.0,0.0
2013-04-29,93,74,66.0,0.0
2013-04-30,102,68,63.5,0.0
2013-05-01,96,75,67.0,0.0
2013-05-02,103,88,71.5,0.0
2013-05-03,119,93,76.5,0.0
2013-05-04,108,74,67.5,0.0
2013-05-05,78,67,63.0,0.01
2013-05-06,109,67,62.0,0.69
2013-05-07,92,71,64.5,0.01
2013-05-08,82,70,64.5,0.0
2013-05-09,96,73,65.5,0.0
2013-05-10,126,75,67.0,0.0
2013-05-11,98,85,72.5,0.0
2013-05-12,91,84,71.5,0.0
2013-05-13,97,93,79.5,0.0
2013-05-14,104,76,68.0,0.0
2013-05-15,91,74,66.5,0.0
2013-05-16,85,71,65.5,0.0
2013-05-17,110,73,67.0,0.0
2013-05-18,98,74,66.5,0.0
2013-05-19,97,75,67.5,0.0
2013-05-20,97,81,71.5,0.0
2013-05-21,109,79,71.0,0.0
2013-05-22,88,75,69.0,0.0
2013-05-23,100,72,66.5,0.0
2013-05-24,106,73,66.0,0.0
2013-05-25,105,72,66.0,0.0
2013-05-26,80,73,65.5,0.0
2013-05-27,77,75,68.0,0.0
2013-05-28,97,77,69.5,0.0
2013-05-29,85,78,70.5,0.0
2013-05-30,101,80,71.0,0.0
2013-05-31,109,78,70.5,0.0
2013-06-01,92,80,71.5,0.0
2013-06-02,98,76,70.5,0.0
2013-06-03,90,75,69.0,0.0
2013-06-04,96,73,67.5,0.0
2013-06-05,92,72,66.5,0.0
2013-06-06,88,72,66.5,0.0
2013-06-07,92,71,66.0,0.0
2013-06-08,109,75,69.0,0.0
2013-06-09,84,76,69.0,0.0
2013-06-10,90,76,69.0,0.0
2013-06-11,101,80,70.5,0.0
2013-06-12,70,72,67.0,0.0
2013-06-13,101,76,68.5,0.0
2013-06-14,101,77,68.5,0.0
2013-06-15,89,76,69.5,0.0
2013-06-16,90,79,70.0,0.0
2013-06-17,93,76,67.5,0.0
2013-06-18,73,79,70.0,0.0
2013-06-19,112,75,67.5,0.0
2013-06-20,84,78,69.0,0.0
2013-06-21,106,81,71.5,0.0
2013-06-22,86,79,71.5,0.0
2013-06-23,86,75,69.5,0.0
2013-06-24,73,74,68.5,0.0
2013-06-25,100,74,69.0,0.0
2013-06-26,102,82,72.5,0.0
2013-06-27,102,90,78.0,0.0
2013-06-28,122,87,76.0,0.0
2013-06-29,112,90,78.0,0.0
2013-06-30,86,94,81.5,0.0
2013-07-01,97,92,79.5,0.0
2013-07-02,125,83,75.0,0.0
2013-07-03,96,83,74.0,0.0
2013-07-04,82,82,73.5,0.0
2013-07-05,84,80,72.0,0.0
2013-07-06,112,81,73.5,0.0
2013-07-07,88,77,71.0,0.0
2013-07-08,87,83,73.0,0.0
2013-07-09,87,87,75.5,0.0
2013-07-10,80,83,75.0,0.0
2013-07-11,96,76,72.0,0.04
2013-07-12,93,85,74.0,0.0
2013-07-13,102,81,71.5,0.0
2013-07-14,67,84,73.5,0.0
2013-07-15,101,83,73.5,0.0
2013-07-16,79,82,71.5,0.0
2013-07-17,94,85,73.5,0.0
2013-07-18,79,83,72.5,0.0
2013-07-19,100,80,71.5,0.0
2013-07-20,87,80,73.5,0.0
2013-07-21,74,75,70.5,0.0
2013-07-22,87,83,74.5,0.01
2013-07-23,96,79,71.5,0.0
2013-07-24,91,77,70.0,0.0
2013-07-25,87,79,70.5,0.0
2013-07-26,106,80,72.0,0.04
2013-07-27,90,79,70.5,0.0
2013-07-28,85,76,69.5,0.0
2013-07-29,80,77,70.0,0.0
2013-07-30,108,76,69.0,0.0
2013-07-31,89,73,67.5,0.0
2013-08-01,95,74,68.0,0.0
2013-08-02,118,76,69.0,0.0
2013-08-03,108,78,70.5,0.0
2013-08-04,106,76,69.0,0.0
2013-08-05,93,79,69.5,0.0
2013-08-06,90,77,69.0,0.0
2013-08-07,115,78,69.5,0.0
2013-08-08,91,79,69.5,0.0
2013-08-09,115,78,69.5,0.0
2013-08-10,98,77,69.5,0.0
2013-08-11,94,79,70.0,0.0
2013-08-12,91,79,70.5,0.0
2013-08-13,93,81,71.5,0.0
2013-08-14,86,82,73.5,0.0
2013-08-15,94,83,73.5,0.0
2013-08-16,104,85,74.5,0.0
2013-08-17,94,81,72.0,0.0
2013-08-18,95,80,70.5,0.0
2013-08-19,101,80,72.0,0.0
2013-08-20,111,78,70.0,0.0
2013-08-21,110,81,72.0,0.0
2013-08-22,108,85,74.0,0.0
2013-08-23,116,86,74.5,0.0
2013-08-24,126,80,70.5,0.0
2013-08-25,94,80,69.0,0.0
2013-08-26,113,89,76.0,0.0
2013-08-27,114,87,77.0,0.0
2013-08-28,117,89,77.0,0.0
2013-08-29,113,96,81.5,0.0
2013-08-30,129,95,84.0,0.0
2013-08-31,96,89,81.5,0.0
2013-09-01,83,86,78.0,0.0
2013-09-02,76,85,76.5,0.0
2013-09-03,126,92,81.0,0.0
2013-09-04,115,92,81.5,0.0
2013-09-05,84,93,82.0,0.0
2013-09-06,107,95,82.5,0.0
2013-09-07,92,95,82.0,0.0
2013-09-08,73,84,74.0,0.0
2013-09-09,90,77,69.0,0.0
2013-09-10,97,77,69.0,0.0
2013-09-11,108,77,69.0,0.0
2013-09-12,100,80,70.5,0.0
2013-09-13,109,82,72.0,0.0
2013-09-14,96,84,74.0,0.0
2013-09-15,102,89,76.5,0.0
2013-09-16,105,87,75.5,0.0
2013-09-17,105,80,70.0,0.0
2013-09-18,89,79,71.0,0.0
2013-09-19,94,79,70.0,0.0
2013-09-20,107,72,69.0,0.0
2013-09-21,79,76,69.5,0.0
2013-09-22,90,76,68.0,0.0
2013-09-23,99,91,75.5,0.0
2013-09-24,103,85,74.0,0.0
2013-09-25,88,77,69.5,0.0
2013-09-26,113,77,69.5,0.0
2013-09-27,113,83,70.0,0.0
2013-09-28,90,89,74.5,0.0
2013-09-29,83,87,72.0,0.0
2013-09-30,110,83,71.0,0.0
2013-10-02,101,76,69.5,0.0
2013-10-03,109,74,68.0,0.0
2013-10-04,129,87,74.5,0.0
2013-10-05,106,91,74.0,0.0
2013-10-06,88,93,76.0,0.0
2013-10-07,93,85,72.5,0.0
2013-10-08,99,75,67.0,0.0
2013-10-09,101,64,59.5,0.04
2013-10-10,110,70,61.5,0.0
2013-10-11,101,74,63.5,0.0
2013-10-12,114,76,66.0,0.0
2013-10-13,92,72,66.0,0.0
2013-10-14,102,82,69.0,0.0
2013-10-15,95,87,72.0,0.0
2013-10-16,96,86,72.0,0.0
2013-10-17,125,84,70.5,0.0
2013-10-18,127,83,70.0,0.0
2013-10-19,119,84,70.0,0.0
2013-10-20,95,76,66.5,0.0
2013-10-21,98,75,65.5,0.0
2013-10-22,114,72,63.5,0.0
2013-10-23,81,69,64.0,0.0
2013-10-24,110,70,64.0,0.0
2013-10-25,118,71,64.0,0.0
2013-10-26,105,76,67.0,0.0
2013-10-27,85,73,65.0,0.0
2013-10-28,88,67,61.5,0.02
2013-10-29,102,68,60.5,0.0
2013-10-30,94,71,61.0,0.0
2013-10-31,130,80,66.5,0.0
2013-11-01,119,86,70.0,0.0
2013-11-02,110,84,70.0,0.0
2013-11-03,92,71,65.5,0.0
2013-11-04,110,69,63.0,0.0
2013-11-05,97,77,64.5,0.0
2013-11-06,118,82,66.0,0.0
2013-11-07,97,86,72.0,0.0
2013-11-08,104,79,66.0,0.0
2013-11-09,103,77,65.5,0.0
2013-11-10,83,83,67.5,0.0
2013-11-11,100,77,64.5,0.0
2013-11-12,103,76,66.0,0.0
2013-11-13,117,92,75.0,0.0
2013-11-14,118,91,75.0,0.0
2013-11-15,101,69,64.5,0.0
2013-11-16,91,69,63.0,0.0
2013-11-17,87,69,61.5,0.0
2013-11-18,96,68,60.5,0.0
2013-11-19,108,67,62.0,0.0
2013-11-20,135,65,61.5,0.05
2013-11-21,126,65,61.0,0.29
2013-11-22,107,67,60.0,0.05
2013-11-23,71,67,58.5,0.0
2013-11-24,91,68,58.0,0.0
2013-11-25,101,72,60.0,0.0
2013-11-26,86,76,63.5,0.0
2013-11-27,109,75,64.5,0.0
2013-11-28,53,70,60.5,0.0
2013-11-29,79,63,59.0,0.23
2013-11-30,97,74,62.5,0.0
2013-12-01,84,80,66.0,0.0
2013-12-02,81,74,63.0,0.0
2013-12-03,76,66,58.0,0.0
2013-12-04,107,63,55.5,0.0
2013-12-05,91,61,52.5,0.0
2013-12-06,100,60,51.0,0.0
2013-12-07,108,59,51.5,0.09
2013-12-08,78,57,48.5,0.0
2013-12-09,96,62,50.5,0.0
2013-12-10,101,66,52.5,0.0
2013-12-11,98,73,58.0,0.0
2013-12-12,105,69,58.0,0.0
2013-12-13,122,65,54.5,0.0
2013-12-14,105,74,58.5,0.0
2013-12-15,86,80,62.0,0.0
2013-12-16,117,85,72.5,0.0
2013-12-17,116,82,70.0,0.0
2013-12-18,110,71,64.0,0.0
2013-12-19,101,57,52.0,0.11
2013-12-20,129,65,54.5,0.0
2013-12-21,92,61,53.5,0.0
2013-12-22,79,69,57.0,0.0
2013-12-23,110,75,61.5,0.0
2013-12-24,95,79,65.0,0.0
2013-12-25,64,82,64.5,0.0
2013-12-26,85,80,63.0,0.0
2013-12-27,81,85,67.0,0.0
2013-12-28,61,73,62.0,0.0
2013-12-29,68,76,60.0,0.0
2013-12-30,76,75,61.0,0.0
2013-12-31,96,72,58.0,0.0
2014-01-01,87,71,57.5,0.0
2014-01-02,83,81,66.5,0.0
2014-01-03,84,72,60.0,0.0
2014-01-04,74,69,59.5,0.0
2014-01-05,86,77,61.0,0.0
2014-01-06,84,78,63.5,0.0
2014-01-07,86,69,58.5,0.0
2014-01-08,80,68,57.5,0.0
2014-01-09,79,63,57.0,0.0
2014-01-10,82,70,58.5,0.0
2014-01-11,108,73,60.5,0.0
2014-01-12,69,71,60.5,0.0
2014-01-13,87,80,63.0,0.0
2014-01-14,111,82,65.0,0.0
2014-01-15,118,85,66.5,0.0
2014-01-16,123,85,67.0,0.0
2014-01-17,123,85,68.5,0.0
2014-01-18,88,84,68.0,0.0
2014-01-19,88,80,64.0,0.0
2014-01-20,74,81,64.0,0.0
2014-01-21,96,78,66.0,0.0
2014-01-22,105,77,65.5,0.0
2014-01-23,88,72,61.5,0.0
2014-01-24,97,73,64.0,0.0
2014-01-25,103,77,66.5,0.0
2014-01-26,78,69,60.5,0.0
2014-01-27,97,69,60.5,0.0
2014-01-28,120,70,59.5,0.0
2014-01-29,90,70,61.0,0.0
2014-01-30,100,63,60.0,0.0
2014-01-31,121,65,59.0,0.0
2014-02-01,95,66,58.0,0.0
2014-02-02,110,63,55.0,0.14
2014-02-03,106,63,54.5,0.0
2014-02-04,82,63,55.5,0.0
2014-02-05,94,64,56.0,0.0
2014-02-06,110,60,56.0,0.09
2014-02-07,103,63,56.5,0.0
2014-02-08,82,66,59.0,0.0
2014-02-09,98,67,60.5,0.0
2014-02-10,92,73,63.0,0.0
2014-02-11,86,75,64.5,0.0
2014-02-12,98,80,65.5,0.0
2014-02-13,103,80,66.0,0.0
2014-02-14,133,79,64.5,0.0
2014-02-15,104,78,64.5,0.0
2014-02-16,78,75,64.5,0.0
2014-02-17,76,71,60.5,0.0
2014-02-18,81,68,62.0,0.0
2014-02-19,104,66,60.0,0.0
2014-02-20,100,82,66.5,0.0
2014-02-21,124,79,67.0,0.0
2014-02-22,102,76,63.5,0.0
2014-02-23,97,73,61.0,0.0
2014-02-24,120,73,62.5,0.0
2014-02-25,95,71,63.5,0.0
2014-02-26,91,67,62.0,0.06
2014-02-27,112,71,63.5,1.05
2014-02-28,136,62,59.0,2.24
2014-03-01,102,61,57.5,1.0
2014-03-02,78,62,58.0,0.17
2014-03-03,96,68,59.5,0.0
2014-03-04,92,69,61.5,0.0
2014-03-05,86,72,63.0,0.0
2014-03-06,105,72,64.5,0.0
2014-03-07,119,71,63.5,0.0
2014-03-08,103,81,66.0,0.0
2014-03-09,78,84,71.0,0.0
2014-03-10,97,80,68.0,0.0
2014-03-11,118,78,66.0,0.0
2014-03-12,103,80,67.0,0.0
2014-03-13,97,71,64.0,0.0
2014-03-14,131,71,61.5,0.0
2014-03-15,114,81,67.5,0.0
2014-03-16,104,90,73.0,0.0
2014-03-17,100,74,65.0,0.0
2014-03-18,114,75,66.5,0.0
2014-03-19,115,79,67.5,0.0
2014-03-20,100,73,64.0,0.0
2014-03-21,110,67,61.0,0.0
2014-03-22,100,68,62.0,0.0
2014-03-23,87,69,61.0,0.0
2014-03-24,82,66,62.0,0.0
2014-03-25,83,65,61.0,0.0
2014-03-26,90,66,60.5,0.01
2014-03-27,106,69,60.0,0.0
2014-03-28,113,71,63.5,0.0
2014-03-29,105,76,64.5,0.0
2014-03-30,97,72,64.0,0.0
2014-03-31,92,68,61.0,0.0
2014-04-01,116,63,56.5,0.25
2014-04-02,105,62,55.5,0.04
2014-04-03,100,68,58.5,0.0
2014-04-04,104,65,59.0,0.0
2014-04-05,98,67,60.5,0.0
2014-04-06,96,78,65.0,0.0
2014-04-07,113,85,70.0,0.0
2014-04-08,112,88,73.0,0.0
2014-04-09,112,89,73.0,0.0
2014-04-10,89,81,65.5,0.0
2014-04-11,104,79,67.0,0.0
2014-04-12,83,67,62.0,0.0
2014-04-13,69,67,61.5,0.0
2014-04-14,97,77,65.0,0.0
2014-04-15,112,72,63.5,0.0
2014-04-16,91,73,65.0,0.0
2014-04-17,95,71,65.0,0.0
2014-04-18,80,73,67.0,0.0
2014-04-19,113,72,64.5,0.0
2014-04-20,84,75,67.0,0.0
2014-04-21,87,76,66.5,0.0
2014-04-22,98,69,63.5,0.0
2014-04-23,82,71,63.5,0.0
2014-04-24,100,79,67.0,0.0
2014-04-25,87,71,62.5,0.06
2014-04-26,90,68,59.0,0.0
2014-04-27,87,71,63.0,0.0
2014-04-28,100,77,67.0,0.0
2014-04-29,107,92,75.5,0.0
2014-04-30,107,91,76.5,0.0
2014-05-01,109,92,77.5,0.0
2014-05-02,126,96,79.0,0.0
2014-05-03,115,89,76.0,0.0
2014-05-04,95,81,70.0,0.0
2014-05-05,91,72,64.5,0.0
2014-05-06,86,68,62.0,0.0
2014-05-07,91,68,62.5,0.0
2014-05-08,88,71,64.0,0.0
2014-05-09,126,72,64.0,0.0
2014-05-10,114,72,65.0,0.0
2014-05-11,90,86,72.0,0.0
2014-05-12,103,90,74.5,0.0
2014-05-13,94,94,79.5,0.0
2014-05-14,105,99,81.0,0.0
2014-05-15,108,102,86.5,0.0
2014-05-16,118,95,81.5,0.0
2014-05-17,105,85,74.0,0.0
2014-05-18,93,75,69.0,0.0
2014-05-19,103,74,67.5,0.0
2014-05-20,81,70,63.5,0.0
2014-05-21,90,71,65.0,0.0
2014-05-22,82,71,64.0,0.0
2014-05-23,108,70,65.5,0.0
2014-05-24,91,69,65.0,0.0
2014-05-25,93,75,68.5,0.0
2014-05-26,76,79,70.0,0.0
2014-05-27,96,80,71.0,0.0
2014-05-28,84,79,72.0,0.0
2014-05-29,109,78,70.5,0.0
2014-05-30,119,78,69.0,0.0
2014-05-31,106,80,70.5,0.0
2014-06-01,110,80,70.5,0.0
2014-06-02,121,75,67.5,0.0
2014-06-03,118,79,68.5,0.0
2014-06-04,96,78,68.5,0.0
2014-06-05,120,78,68.5,0.0
2014-06-06,127,75,67.5,0.0
2014-06-07,96,74,67.5,0.0
2014-06-08,75,77,68.5,0.0
2014-06-09,106,76,67.5,0.0
2014-06-10,109,74,68.5,0.0
2014-06-11,78,76,69.0,0.0
2014-06-12,95,74,67.5,0.0
2014-06-13,102,73,66.5,0.0
2014-06-14,94,75,67.0,0.0
2014-06-15,87,74,67.5,0.0
2014-06-16,97,73,67.0,0.0
2014-06-17,110,78,68.5,0.0
2014-06-18,89,77,68.0,0.0
2014-06-19,85,76,67.5,0.0
2014-06-20,113,80,70.0,0.0
2014-06-21,99,81,71.5,0.0
2014-06-22,101,77,70.0,0.0
2014-06-23,89,77,70.0,0.0
2014-06-24,104,79,71.0,0.0
2014-06-25,89,76,69.5,0.0
2014-06-26,91,76,70.0,0.0
2014-06-27,124,78,71.0,0.0
2014-06-28,97,80,72.0,0.0
2014-06-29,107,79,71.5,0.0
2014-06-30,112,77,70.5,0.0
2014-07-01,107,79,72.5,0.0
2014-07-02,93,80,72.0,0.0
2014-07-03,112,85,75.0,0.0
2014-07-04,95,87,76.0,0.0
2014-07-05,84,89,78.0,0.0
2014-07-06,76,87,77.0,0.0
2014-07-07,89,89,77.5,0.0
2014-07-08,92,86,77.0,0.0
2014-07-09,103,82,74.5,0.0
2014-07-10,80,85,75.5,0.0
2014-07-11,99,80,72.5,0.0
2014-07-12,93,82,73.5,0.0
2014-07-13,84,82,74.5,0.0
2014-07-14,80,80,74.0,0.0
2014-07-15,101,82,75.5,0.0
2014-07-16,89,81,73.5,0.0
2014-07-17,92,80,72.5,0.0
2014-07-18,105,79,71.5,0.0
2014-07-19,68,75,70.5,0.0
2014-07-20,80,80,73.0,0.0
2014-07-21,110,81,73.5,0.0
2014-07-22,94,85,75.0,0.0
2014-07-23,100,88,76.5,0.0
2014-07-24,110,92,78.5,0.0
2014-07-25,106,88,78.5,0.0
2014-07-26,89,86,77.0,0.0
2014-07-27,75,84,75.5,0.0
2014-07-28,86,88,78.0,0.0
2014-07-29,102,88,78.0,0.0
2014-07-30,74,90,79.0,0.0
2014-07-31,102,87,77.0,0.0
2014-08-01,108,85,75.5,0.0
2014-08-02,106,90,77.5,0.02
2014-08-03,90,85,78.5,0.02
2014-08-04,88,87,76.0,0.0
2014-08-05,92,82,72.5,0.0
2014-08-06,92,77,70.0,0.0
2014-08-07,87,81,72.5,0.0
2014-08-08,102,82,73.5,0.0
2014-08-09,101,82,74.5,0.0
2014-08-10,113,85,75.5,0.0
2014-08-11,95,85,75.0,0.0
2014-08-12,99,84,75.0,0.0
2014-08-13,91,81,73.0,0.0
2014-08-14,118,83,74.0,0.0
2014-08-15,122,89,76.0,0.0
2014-08-16,117,90,78.0,0.0
2014-08-17,96,89,77.5,0.0
2014-08-18,101,86,75.5,0.0
2014-08-19,104,82,75.5,0.0
2014-08-20,77,84,75.5,0.0
2014-08-21,120,80,72.5,0.0
2014-08-22,127,81,73.5,0.0
2014-08-23,86,85,75.5,0.0
2014-08-24,81,83,75.0,0.0
2014-08-25,113,80,72.0,0.0
2014-08-26,109,84,74.5,0.0
2014-08-27,103,91,78.5,0.0
2014-08-28,93,91,79.5,0.0
2014-08-29,124,90,77.5,0.0
2014-08-30,102,89,77.0,0.0
2014-08-31,89,87,78.0,0.0
2014-09-01,71,85,77.5,0.0
2014-09-02,104,84,76.0,0.0
2014-09-03,125,83,75.0,0.0
2014-09-04,96,80,73.0,0.0
2014-09-05,111,83,74.5,0.0
2014-09-06,99,86,75.5,0.0
2014-09-07,103,92,80.0,0.0
2014-09-08,100,88,79.5,0.01
2014-09-09,95,91,79.5,0.0
2014-09-10,94,87,75.5,0.0
2014-09-11,114,89,78.0,0.0
2014-09-12,115,91,79.5,0.0
2014-09-13,101,94,81.5,0.0
2014-09-14,96,98,84.5,0.0
2014-09-15,117,94,83.5,0.0
2014-09-16,99,103,89.5,0.0
2014-09-17,94,96,84.0,0.0
2014-09-18,117,81,74.0,0.0
2014-09-19,110,82,74.5,0.0
2014-09-20,98,78,72.0,0.0
2014-09-21,92,79,72.0,0.0
2014-09-22,104,80,71.5,0.0
2014-09-23,117,84,73.5,0.0
2014-09-24,132,88,75.0,0.0
2014-09-25,103,85,76.0,0.0
2014-09-26,122,83,74.0,0.0
2014-09-27,102,77,70.0,0.0
2014-09-28,84,79,71.5,0.0
2014-09-29,114,78,69.5,0.0
2014-09-30,113,85,74.5,0.0
2014-10-01,125,82,73.0,0.0
2014-10-02,127,98,81.0,0.0
2014-10-03,126,98,82.5,0.0
2014-10-04,107,97,81.0,0.0
2014-10-05,88,95,80.0,0.0
2014-10-06,111,92,78.0,0.0
2014-10-07,89,93,78.5,0.0
2014-10-08,114,87,75.0,0.0
2014-10-09,101,80,73.5,0.0
2014-10-10,130,79,71.5,0.0
2014-10-11,101,81,72.5,0.0
2014-10-12,81,81,74.0,0.0
2014-10-13,98,82,73.5,0.0
2014-10-14,104,76,71.0,0.0
2014-10-15,88,78,70.5,0.0
2014-10-16,107,77,69.0,0.0
2014-10-17,104,76,69.0,0.0
2014-10-18,103,78,69.5,0.0
2014-10-19,98,77,69.5,0.0
2014-10-20,117,79,71.0,0.0
2014-10-21,108,78,71.0,0.0
2014-10-22,108,84,72.0,0.0
2014-10-23,119,85,72.5,0.0
2014-10-24,124,88,73.5,0.0
2014-10-25,102,80,70.5,0.0
2014-10-26,86,78,69.5,0.0
2014-10-27,112,77,69.5,0.0
2014-10-28,106,78,68.5,0.0
2014-10-29,120,85,72.0,0.0
2014-10-30,99,81,70.5,0.0
2014-10-31,146,71,65.5,0.25
2014-11-01,115,67,61.0,0.18
2014-11-02,89,70,60.5,0.0
2014-11-03,93,77,64.5,0.0
2014-11-04,107,77,64.0,0.0
2014-11-05,118,85,69.0,0.0
2014-11-06,119,90,75.5,0.0
2014-11-07,101,89,74.5,0.0
2014-11-08,103,89,74.0,0.0
2014-11-09,91,77,67.5,0.0
2014-11-10,99,70,66.0,0.0
2014-11-11,74,69,65.5,0.0
2014-11-12,93,70,64.0,0.0
2014-11-13,116,70,62.5,0.0
2014-11-14,133,73,66.5,0.0
2014-11-15,96,72,65.0,0.0
2014-11-16,91,74,64.5,0.0
2014-11-17,101,76,64.5,0.0
2014-11-18,91,77,64.5,0.0
2014-11-19,114,74,63.5,0.0
2014-11-20,104,70,61.5,0.0
2014-11-21,124,73,64.0,0.0
2014-11-22,106,73,62.5,0.0
2014-11-23,89,80,68.5,0.0
2014-11-24,107,80,66.5,0.0
2014-11-25,103,80,66.0,0.0
2014-11-26,107,85,69.0,0.0
2014-11-27,76,89,73.5,0.0
2014-11-28,71,81,67.0,0.0
2014-11-29,79,74,62.5,0.0
2014-11-30,112,66,63.0,0.3
2014-12-01,101,69,63.0,0.0
2014-12-02,113,66,62.0,1.21
2014-12-03,138,67,63.0,0.31
2014-12-04,125,71,64.0,0.0
2014-12-05,112,69,63.0,0.0
2014-12-06,110,71,63.0,0.0
2014-12-07,86,76,65.0,0.0
2014-12-08,133,78,66.5,0.0
2014-12-09,107,76,65.0,0.0
2014-12-10,101,73,63.0,0.0
2014-12-11,112,67,63.5,0.01
2014-12-12,141,65,58.5,1.6
2014-12-13,121,66,57.0,0.0
2014-12-14,77,66,56.5,0.0
2014-12-15,103,65,56.0,0.0
2014-12-16,102,60,57.0,0.41
2014-12-17,107,65,58.0,0.15
2014-12-18,135,62,55.0,0.0
2014-12-19,138,66,57.5,0.0
2014-12-20,111,64,57.0,0.0
2014-12-21,91,68,59.0,0.0
2014-12-22,117,75,62.5,0.0
2014-12-23,110,83,67.0,0.0
2014-12-24,95,75,64.0,0.0
2014-12-25,81,65,57.5,0.0
2014-12-26,82,63,52.5,0.0
2014-12-27,80,63,51.0,0.0
2014-12-28,86,63,53.0,0.0
2014-12-29,98,63,52.0,0.0
2014-12-30,94,56,51.5,0.19
2014-12-31,81,57,49.0,0.0
2015-01-01,104,59,48.0,0.0
2015-01-02,75,61,50.0,0.0
2015-01-03,103,63,51.5,0.0
2015-01-04,94,69,55.5,0.0
2015-01-05,94,81,65.5,0.0
2015-01-06,109,84,70.5,0.0
2015-01-07,108,85,69.0,0.0
2015-01-08,101,75,63.0,0.0
2015-01-09,104,72,64.0,0.0
2015-01-10,132,63,57.5,0.48
2015-01-11,101,63,59.5,0.5
2015-01-12,105,66,59.5,0.0
2015-01-13,104,68,61.0,0.0
2015-01-14,132,73,60.0,0.0
2015-01-15,112,76,63.5,0.0
2015-01-16,116,77,63.5,0.0
2015-01-17,120,78,64.0,0.0
2015-01-18,97,75,64.0,0.0
2015-01-19,59,72,61.0,0.0
2015-01-20,100,63,58.0,0.0
2015-01-21,101,71,62.5,0.0
2015-01-22,107,75,61.0,0.0
2015-01-23,116,75,62.5,0.0
2015-01-24,102,82,65.5,0.0
2015-01-25,91,83,65.5,0.0
2015-01-26,113,80,68.5,0.08
2015-01-27,113,74,65.5,0.0
2015-01-28,101,75,65.5,0.0
2015-01-29,105,75,67.5,0.0
2015-01-30,130,70,64.5,0.03
2015-01-31,99,71,63.5,0.0
2015-02-01,86,76,62.5,0.0
2015-02-02,86,78,64.5,0.0
2015-02-03,113,72,61.5,0.0
2015-02-04,93,72,64.0,0.0
2015-02-05,87,82,67.5,0.0
2015-02-06,118,75,64.5,0.0
2015-02-07,98,69,61.5,0.02
2015-02-08,83,77,68.0,0.0
2015-02-09,103,73,65.5,0.0
2015-02-10,98,78,65.5,0.0
2015-02-11,107,85,70.0,0.0
2015-02-12,123,85,70.5,0.0
2015-02-13,126,88,72.5,0.0
2015-02-14,92,86,71.0,0.0
2015-02-15,98,80,67.0,0.0
2015-02-16,75,70,63.0,0.0
2015-02-17,84,71,64.0,0.0
2015-02-18,94,75,65.0,0.0
2015-02-19,107,72,64.5,0.0
2015-02-20,117,70,63.0,0.0
2015-02-21,81,69,63.0,0.0
2015-02-22,106,64,58.5,0.7
2015-02-23,100,65,57.5,0.0
2015-02-24,87,74,60.0,0.0
2015-02-25,99,72,61.5,0.0
2015-02-26,91,70,60.5,0.0
2015-02-27,101,66,60.5,0.0
2015-02-28,90,65,58.5,0.11
2015-03-01,94,65,57.5,0.66
2015-03-02,106,63,56.0,0.21
2015-03-03,88,67,57.5,0.0
2015-03-04,96,72,60.0,0.0
2015-03-05,90,77,64.0,0.0
2015-03-06,107,83,66.0,0.0
2015-03-07,108,86,70.0,0.0
2015-03-08,100,78,65.5,0.0
2015-03-09,104,73,65.0,0.0
2015-03-10,87,80,67.5,0.0
2015-03-11,79,73,66.5,0.0
2015-03-12,105,86,71.0,0.0
2015-03-13,116,90,75.5,0.0
2015-03-14,102,93,77.5,0.0
2015-03-15,71,92,79.0,0.0
2015-03-16,95,90,78.0,0.0
2015-03-17,103,82,72.5,0.0
2015-03-18,93,75,68.5,0.0
2015-03-19,92,76,68.0,0.0
2015-03-20,95,78,68.5,0.0
2015-03-21,98,75,68.5,0.0
2015-03-22,73,72,65.5,0.0
2015-03-23,109,73,65.0,0.0
2015-03-24,99,75,66.5,0.0
2015-03-25,120,84,72.0,0.0
2015-03-26,120,92,76.5,0.0
2015-03-27,151,91,76.5,0.0
2015-03-28,121,81,71.0,0.0
2015-03-29,101,78,67.0,0.0
2015-03-30,105,78,67.5,0.0
2015-03-31,92,73,65.0,0.0
2015-04-01,135,74,66.0,0.0
2015-04-02,105,75,64.5,0.0
2015-04-03,112,86,71.5,0.0
2015-04-04,114,84,71.5,0.0
2015-04-05,97,71,64.0,0.0
2015-04-06,112,67,60.0,0.0
2015-04-07,142,67,59.0,0.13
2015-04-08,128,70,59.5,0.0
2015-04-09,104,76,64.5,0.0
2015-04-10,119,71,62.5,0.0
2015-04-11,120,72,62.5,0.0
2015-04-12,84,77,67.0,0.0
2015-04-13,109,75,66.5,0.0
2015-04-14,95,73,65.5,0.0
2015-04-15,127,80,68.5,0.0
2015-04-16,126,81,67.5,0.0
2015-04-17,126,81,68.5,0.0
2015-04-18,119,81,68.5,0.0
2015-04-19,115,75,65.0,0.0
2015-04-20,130,70,62.5,0.0
2015-04-21,112,67,62.5,0.0
2015-04-22,112,69,63.0,0.0
2015-04-23,103,69,62.0,0.0
2015-04-24,117,67,62.0,0.0
2015-04-25,105,66,61.0,0.0
2015-04-26,97,77,65.5,0.0
2015-04-27,130,82,69.5,0.0
2015-04-28,112,92,76.5,0.0
2015-04-29,94,89,74.5,0.0
2015-04-30,114,86,73.0,0.0
2015-05-01,142,84,70.5,0.0
2015-05-02,125,80,69.5,0.0
2015-05-03,107,74,66.0,0.0
2015-05-04,110,69,62.5,0.0
2015-05-05,112,67,62.5,0.0
2015-05-06,103,67,62.5,0.0
2015-05-07,111,65,59.5,0.03
2015-05-08,127,63,56.5,0.18
2015-05-09,112,69,62.0,0.0
2015-05-10,98,72,63.0,0.0
2015-05-11,97,76,66.5,0.0
2015-05-12,101,72,64.5,0.0
2015-05-13,115,69,63.5,0.0
2015-05-14,147,68,60.5,0.69
2015-05-15,123,66,60.5,0.03
2015-05-16,126,71,63.5,0.0
2015-05-17,84,72,65.0,0.0
2015-05-18,111,71,65.5,0.0
2015-05-19,87,73,64.5,0.0
2015-05-20,121,72,64.5,0.0
2015-05-21,119,71,64.0,0.0
2015-05-22,121,69,63.0,0.0
2015-05-23,93,71,64.0,0.0
2015-05-24,87,70,64.0,0.0
2015-05-25,86,71,64.0,0.0
2015-05-26,118,69,64.0,0.0
2015-05-27,106,72,65.0,0.0
2015-05-28,126,75,66.0,0.0
2015-05-29,119,77,67.5,0.0
2015-05-30,107,77,68.0,0.0
2015-05-31,82,73,66.0,0.0
2015-06-01,137,75,67.0,0.0
2015-06-02,111,76,68.0,0.0
2015-06-03,117,74,67.5,0.0
2015-06-04,98,70,65.5,0.0
2015-06-05,141,73,66.5,0.0
2015-06-06,98,72,65.0,0.0
2015-06-07,94,77,68.5,0.0
2015-06-08,127,85,72.5,0.0
2015-06-09,108,86,74.0,0.01
2015-06-10,101,73,67.5,0.0
2015-06-11,114,75,68.5,0.0
2015-06-12,109,72,67.5,0.0
2015-06-13,87,72,67.5,0.0
2015-06-14,108,77,70.0,0.0
2015-06-15,104,78,70.0,0.0
2015-06-16,113,79,70.0,0.0
2015-06-17,117,78,70.0,0.0
2015-06-18,128,81,71.5,0.0
2015-06-19,124,82,70.0,0.0
2015-06-20,132,85,74.0,0.0
2015-06-21,108,82,73.0,0.0
2015-06-22,110,83,72.5,0.0
2015-06-23,107,84,73.5,0.0
2015-06-24,120,83,73.0,0.0
2015-06-25,122,81,71.5,0.0
2015-06-26,119,78,69.0,0.0
2015-06-27,110,77,69.5,0.0
2015-06-28,105,86,76.5,0.0
2015-06-29,109,91,79.5,0.0
2015-06-30,114,89,78.0,0.0
2015-07-01,102,84,75.5,0.0
2015-07-02,121,83,74.0,0.0
2015-07-03,113,80,71.5,0.0
2015-07-04,98,79,71.0,0.0
2015-07-05,100,75,69.5,0.0
2015-07-06,105,75,69.5,0.0
2015-07-07,108,77,71.0,0.0
2015-07-08,107,75,70.5,0.0
2015-07-09,120,76,70.0,0.0
2015-07-10,106,76,69.0,0.0
2015-07-11,112,79,70.5,0.0
2015-07-12,93,81,71.5,0.0
2015-07-13,115,84,74.0,0.0
2015-07-14,117,84,74.0,0.0
2015-07-15,90,81,73.0,0.0
2015-07-16,135,81,73.0,0.0
2015-07-17,122,81,72.0,0.0
2015-07-18,116,87,76.0,0.36
2015-07-19,113,92,82.0,0.02
2015-07-20,104,85,77.5,0.0
2015-07-21,125,80,75.0,0.0
2015-07-22,91,81,74.5,0.0
2015-07-23,121,82,75.0,0.0
2015-07-24,138,85,76.0,0.0
2015-07-25,140,87,77.0,0.0
2015-07-26,107,85,76.0,0.0
2015-07-27,103,82,74.5,0.0
2015-07-28,109,85,75.5,0.0
2015-07-29,116,82,73.5,0.0
2015-07-30,114,83,75.5,0.0
2015-07-31,116,84,75.5,0.0
2015-08-01,117,83,75.0,0.0
2015-08-02,112,84,75.0,0.0
2015-08-03,127,84,75.5,0.0
2015-08-04,123,88,77.5,0.0
2015-08-05,114,88,77.5,0.0
2015-08-06,120,86,76.5,0.0
2015-08-07,137,81,73.5,0.0
2015-08-08,116,81,73.0,0.0
2015-08-09,104,78,70.5,0.0
2015-08-10,107,78,70.5,0.0
2015-08-11,114,81,72.0,0.0
2015-08-12,128,85,74.0,0.0
2015-08-13,101,91,79.5,0.0
2015-08-14,146,91,79.5,0.0
2015-08-15,123,96,83.5,0.0
2015-08-16,109,95,81.5,0.0
2015-08-17,126,88,78.5,0.0
2015-08-18,129,86,77.0,0.0
2015-08-19,128,82,74.5,0.0
2015-08-20,133,81,74.0,0.0
2015-08-21,124,80,73.5,0.0
2015-08-22,136,83,75.5,0.0
2015-08-23,120,83,74.5,0.0
2015-08-24,134,87,77.0,0.0
2015-08-25,124,87,79.0,0.0
2015-08-26,126,92,82.5,0.0
2015-08-27,143,93,82.0,0.0
2015-08-28,125,97,85.0,0.0
2015-08-29,128,94,83.5,0.0
2015-08-30,101,90,80.5,0.0
2015-08-31,131,85,77.0,0.0
2015-09-01,100,83,76.0,0.0
2015-09-02,126,81,74.0,0.0
2015-09-03,114,80,73.0,0.0
2015-09-04,104,79,72.5,0.0
2015-09-05,120,85,75.0,0.0
2015-09-06,108,90,77.0,0.0
2015-09-07,97,94,81.0,0.0
2015-09-08,140,97,85.0,0.0
2015-09-09,126,101,88.5,0.0
2015-09-10,124,96,87.0,0.0
2015-09-11,114,95,85.5,0.0
2015-09-12,113,90,83.0,0.0
2015-09-13,97,91,81.5,0.0
2015-09-14,110,84,77.5,0.0
2015-09-15,126,80,73.5,2.39
2015-09-16,131,78,72.0,0.0
2015-09-17,144,82,73.5,0.0
2015-09-18,134,87,76.0,0.0
2015-09-19,125,92,79.5,0.0
2015-09-20,100,98,84.0,0.0
2015-09-21,93,86,79.0,0.0
2015-09-22,123,84,77.0,0.0
2015-09-23,109,86,77.0,0.0
2015-09-24,124,92,80.0,0.0
2015-09-25,156,93,81.0,0.0
2015-09-26,121,92,81.0,0.0
2015-09-27,102,90,78.5,0.0
2015-09-28,133,88,78.0,0.0
2015-09-29,107,87,75.5,0.0
2015-09-30,116,89,77.5,0.0
2015-10-01,130,87,78.0,0.0
2015-10-02,129,84,76.0,0.0
2015-10-03,137,84,74.5,0.0
2015-10-04,93,73,67.5,0.05
2015-10-05,143,76,69.0,0.4
2015-10-06,120,78,70.0,0.0
2015-10-07,136,84,74.0,0.0
2015-10-08,129,89,77.0,0.0
2015-10-09,170,100,84.0,0.0
2015-10-10,125,100,86.0,0.0
2015-10-11,109,100,87.0,0.0
2015-10-12,109,93,83.0,0.0
2015-10-13,120,92,83.0,0.0
2015-10-14,121,86,79.0,0.0
2015-10-15,126,83,76.5,0.0
2015-10-16,129,75,72.5,0.0
2015-10-17,111,82,75.5,0.0
2015-10-18,106,79,73.5,0.0
2015-10-19,103,79,72.0,0.0
2015-10-20,106,80,71.0,0.0
2015-10-21,122,84,73.5,0.0
2015-10-22,129,80,72.5,0.0
2015-10-23,128,80,71.0,0.0
2015-10-24,114,90,76.5,0.0
2015-10-25,116,86,76.0,0.0
2015-10-26,127,88,74.5,0.0
2015-10-27,118,82,71.5,0.0
2015-10-28,113,80,73.0,0.0
2015-10-29,131,83,75.5,0.0
2015-10-30,144,86,75.5,0.0
2015-10-31,134,89,74.5,0.0
2015-11-01,129,86,72.5,0.0
2015-11-02,114,75,67.0,0.0
2015-11-03,130,70,61.5,0.0
2015-11-04,123,69,59.5,0.0
2015-11-05,107,71,60.5,0.0
2015-11-06,133,77,64.0,0.0
2015-11-07,106,80,65.0,0.0
2015-11-08,98,78,65.0,0.0
2015-11-09,112,68,61.5,0.0
2015-11-10,132,68,59.0,0.0
2015-11-11,107,72,60.0,0.0
2015-11-12,127,77,64.0,0.0
2015-11-13,139,82,66.0,0.0
2015-11-14,113,78,64.5,0.0
2015-11-15,85,69,60.0,0.0
2015-11-16,114,63,56.5,0.0
2015-11-17,139,72,58.5,0.0
2015-11-18,128,76,62.0,0.0
2015-11-19,149,86,68.5,0.0
2015-11-20,160,85,70.0,0.0
2015-11-21,134,87,72.0,0.0
2015-11-22,121,85,72.0,0.0
2015-11-23,123,81,68.0,0.0
2015-11-24,110,70,61.0,0.01
2015-11-25,124,63,56.5,0.0
2015-11-26,71,64,56.0,0.0
2015-11-27,102,64,57.0,0.0
2015-11-28,88,64,55.0,0.0
2015-11-29,91,67,58.5,0.0
2015-11-30,134,66,56.0,0.0
2015-12-01,132,72,59.5,0.0
2015-12-02,132,78,64.0,0.0
2015-12-03,120,76,66.0,0.0
2015-12-04,126,67,59.0,0.0
2015-12-05,122,77,63.0,0.0
2015-12-06,113,78,67.0,0.0
2015-12-07,116,81,68.0,0.0
2015-12-08,113,83,68.5,0.0
2015-12-09,127,75,65.0,0.0
2015-12-10,145,68,60.0,0.0
2015-12-11,138,65,58.5,0.05
2015-12-12,121,68,59.5,0.0
2015-12-13,123,66,56.5,0.16
2015-12-14,109,59,53.0,0.0
2015-12-15,112,61,51.5,0.0
2015-12-16,142,61,50.5,0.0
2015-12-17,141,66,54.0,0.0
2015-12-18,138,72,59.5,0.0
2015-12-19,154,65,55.0,0.26
2015-12-20,101,61,52.5,0.0
2015-12-21,96,62,53.0,0.03
2015-12-22,118,62,58.0,0.07
2015-12-23,125,67,59.5,0.0
2015-12-24,109,62,54.5,0.0
2015-12-25,72,59,51.5,0.0
2015-12-26,93,62,52.0,0.0
2015-12-27,75,61,48.5,0.0
2015-12-28,99,58,47.5,0.0
2015-12-29,106,61,51.0,0.0
2015-12-30,102,62,51.5,0.0
2015-12-31,125,65,53.0,0.0
2016-01-01,109,64,53.5,0.0
2016-01-02,74,65,56.0,0.0
2016-01-03,73,62,53.0,0.0
2016-01-04,98,69,62.0,0.01
2016-01-05,106,59,54.0,1.61
2016-01-06,117,58,52.0,0.8
2016-01-07,118,59,52.0,0.3
2016-01-08,128,62,53.0,0.0
2016-01-09,100,60,53.0,0.0
2016-01-10,100,62,56.5,0.0
2016-01-11,117,64,55.5,0.0
2016-01-12,111,70,58.0,0.0
2016-01-13,102,66,54.5,0.0
2016-01-14,107,65,57.5,0.0
2016-01-15,111,65,57.5,0.0
2016-01-16,113,67,60.5,0.0
2016-01-17,120,68,58.5,0.0
2016-01-18,84,63,59.0,0.0
2016-01-19,104,64,59.0,0.01
2016-01-20,122,69,61.5,0.01
2016-01-21,126,77,63.5,0.0
2016-01-22,125,71,60.5,0.0
2016-01-23,93,64,59.0,0.0
2016-01-24,97,66,56.5,0.0
2016-01-25,131,71,60.5,0.0
2016-01-26,127,73,60.0,0.0
2016-01-27,101,73,62.5,0.0
2016-01-28,125,74,62.0,0.0
2016-01-29,135,72,61.0,0.0
2016-01-30,115,66,60.5,0.0
2016-01-31,106,59,54.5,0.43
2016-02-01,131,58,50.5,0.0
2016-02-02,130,62,51.5,0.0
2016-02-03,143,65,54.0,0.0
2016-02-04,94,70,58.0,0.0
2016-02-05,134,76,61.0,0.0
2016-02-06,112,77,63.5,0.0
2016-02-07,123,84,67.5,0.0
2016-02-08,121,88,70.5,0.0
2016-02-09,127,89,72.5,0.0
2016-02-10,115,88,74.5,0.0
2016-02-11,126,87,73.0,0.0
2016-02-12,138,85,70.5,0.0
2016-02-13,126,75,63.0,0.0
2016-02-14,110,79,63.5,0.0
2016-02-15,128,89,72.0,0.0
2016-02-16,111,90,74.0,0.0
2016-02-17,168,76,65.5,0.58
2016-02-18,112,68,62.0,0.21
2016-02-19,130,69,60.0,0.0
2016-02-20,116,72,61.0,0.0
2016-02-21,108,73,61.5,0.0
2016-02-22,123,78,64.5,0.0
2016-02-23,123,83,69.0,0.0
2016-02-24,129,81,69.5,0.0
2016-02-25,124,83,70.0,0.0
2016-02-26,125,79,66.5,0.0
2016-02-27,136,74,63.5,0.0
2016-02-28,117,75,65.5,0.0
2016-02-29,124,74,65.0,0.0
2016-03-01,103,76,66.0,0.0
2016-03-02,139,73,62.5,0.0
2016-03-03,131,74,64.0,0.0
2016-03-04,103,70,63.5,0.0
2016-03-05,122,67,63.0,0.01
2016-03-06,130,67,60.5,0.64
2016-03-07,108,61,54.0,0.38
2016-03-08,115,72,60.5,0.0
2016-03-09,112,74,63.5,0.0
2016-03-10,109,77,65.5,0.0
2016-03-11,159,69,60.5,0.52
2016-03-12,126,66,56.5,0.0
2016-03-13,112,68,60.5,0.0
2016-03-14,126,70,64.0,0.03
2016-03-15,122,77,65.0,0.0
2016-03-16,132,87,72.0,0.0
2016-03-17,125,81,70.0,0.0
2016-03-18,144,73,65.0,0.0
2016-03-19,117,71,64.0,0.0
2016-03-20,105,72,64.5,0.0
2016-03-21,106,71,64.0,0.0
2016-03-22,114,71,62.0,0.0
2016-03-23,114,77,64.5,0.0
2016-03-24,131,81,68.0,0.0
2016-03-25,128,78,66.0,0.0
2016-03-26,132,77,68.0,0.0
2016-03-27,81,74,66.5,0.0
2016-03-28,104,66,60.0,0.02
2016-03-29,113,64,56.0,0.0
2016-03-30,132,66,59.0,0.0
2016-03-31,146,72,61.0,0.0
2016-04-01,144,72,63.0,0.0
2016-04-02,111,76,65.0,0.0
2016-04-03,100,79,67.5,0.0
2016-04-04,139,80,69.0,0.0
2016-04-05,127,85,70.5,0.0
2016-04-06,134,88,73.5,0.0
2016-04-07,127,69,64.0,0.06
2016-04-08,142,61,60.0,0.14
2016-04-09,120,64,62.0,0.04
2016-04-10,117,70,64.0,0.0
2016-04-11,95,73,66.0,0.0
2016-04-12,140,75,65.5,0.0
2016-04-13,133,73,65.0,0.0
2016-04-14,108,72,64.5,0.0
2016-04-15,128,81,70.0,0.0
2016-04-16,135,82,70.0,0.0
2016-04-17,113,89,73.5,0.0
2016-04-18,141,89,74.0,0.0
2016-04-19,136,89,75.5,0.0
2016-04-20,105,87,73.5,0.0
2016-04-21,126,78,68.0,0.0
2016-04-22,129,73,66.5,0.0
2016-04-23,110,76,66.5,0.0
2016-04-24,104,75,66.5,0.0
2016-04-25,99,69,62.0,0.0
2016-04-26,119,70,61.5,0.0
2016-04-27,141,70,62.5,0.0
2016-04-28,134,71,63.0,0.0
2016-04-29,140,69,62.5,0.0
2016-04-30,130,69,62.5,0.0
2016-05-01,91,73,65.5,0.0
2016-05-02,114,72,64.0,0.0
2016-05-03,112,77,67.0,0.0
2016-05-04,125,69,62.5,0.0
2016-05-05,115,68,62.5,0.05
2016-05-06,115,67,62.0,0.0
2016-05-07,102,68,62.5,0.0
2016-05-08,100,71,64.0,0.0
2016-05-09,108,68,63.0,0.0
2016-05-10,136,70,63.5,0.0
2016-05-11,122,72,65.5,0.0
2016-05-12,136,75,66.5,0.0
2016-05-13,127,78,69.0,0.0
2016-05-14,114,72,67.0,0.0
2016-05-15,117,72,67.0,0.0
2016-05-16,107,71,66.0,0.0
2016-05-17,127,72,66.5,0.0
2016-05-18,117,71,66.0,0.0
2016-05-19,144,72,67.0,0.0
2016-05-20,127,70,64.0,0.0
2016-05-21,135,71,63.5,0.0
2016-05-22,112,72,64.0,0.0
2016-05-23,120,74,65.5,0.0
2016-05-24,120,71,64.5,0.0
2016-05-25,135,68,62.0,0.0
2016-05-26,125,74,66.0,0.0
2016-05-27,140,73,65.5,0.0
2016-05-28,98,72,66.5,0.0
2016-05-29,110,71,65.5,0.0
2016-05-30,88,72,65.0,0.0
2016-05-31,124,74,67.0,0.0
2016-06-01,132,75,69.0,0.0
2016-06-02,115,78,69.0,0.0
2016-06-03,141,87,73.0,0.0
2016-06-04,132,77,68.0,0.0
2016-06-05,105,71,64.5,0.0
2016-06-06,131,73,65.5,0.0
2016-06-07,134,75,67.5,0.0
2016-06-08,125,77,68.5,0.0
2016-06-09,138,72,67.0,0.0
2016-06-10,144,77,69.5,0.0
2016-06-11,115,70,66.0,0.0
2016-06-12,101,72,66.0,0.0
2016-06-13,109,71,65.5,0.0
2016-06-14,114,72,66.0,0.0
2016-06-15,113,72,67.0,0.0
2016-06-16,149,76,67.5,0.0
2016-06-17,144,84,72.0,0.0
2016-06-18,140,89,76.0,0.0
2016-06-19,107,96,81.0,0.0
2016-06-20,131,101,86.0,0.0
2016-06-21,114,89,78.0,0.0
2016-06-22,132,84,73.5,0.0
2016-06-23,123,80,72.0,0.0
2016-06-24,126,79,71.5,0.0
2016-06-25,141,80,72.5,0.0
2016-06-26,115,82,73.5,0.0
2016-06-27,129,88,76.5,0.0
2016-06-28,114,86,76.5,0.0
2016-06-29,132,86,76.0,0.0
2016-06-30,131,82,74.0,0.0
2016-07-01,135,80,73.0,0.0
2016-07-02,116,81,72.5,0.0
2016-07-03,113,77,70.0,0.0
2016-07-04,98,74,68.5,0.0
2016-07-05,120,77,70.0,0.0
2016-07-06,119,78,70.5,0.0
2016-07-07,129,80,72.0,0.0
2016-07-08,119,83,73.0,0.0
2016-07-09,108,86,74.5,0.0
2016-07-10,103,82,74.0,0.0
2016-07-11,103,83,74.0,0.0
2016-07-12,116,79,72.0,0.0
2016-07-13,142,83,73.5,0.0
2016-07-14,101,83,73.5,0.0
2016-07-15,128,83,73.0,0.0
2016-07-16,103,83,73.5,0.0
2016-07-17,110,80,71.5,0.0
2016-07-18,110,82,73.5,0.0
2016-07-19,105,82,73.0,0.0
2016-07-20,115,89,77.5,0.0
2016-07-21,116,92,79.5,0.0
2016-07-22,125,95,81.5,0.0
2016-07-23,127,97,84.0,0.0
2016-07-24,121,92,80.5,0.0
2016-07-25,122,91,80.0,0.0
2016-07-26,116,86,77.0,0.0
2016-07-27,131,89,78.5,0.0
2016-07-28,115,88,78.5,0.0
2016-07-29,137,88,78.5,0.0
2016-07-30,123,85,77.5,0.0
2016-07-31,120,88,78.5,0.0
2016-08-01,140,85,76.0,0.0
2016-08-02,145,85,75.5,0.0
2016-08-03,141,83,75.0,0.0
2016-08-04,120,84,75.0,0.0
2016-08-05,151,80,73.0,0.0
2016-08-06,94,79,72.0,0.0
2016-08-07,112,80,73.0,0.0
2016-08-08,117,81,74.0,0.0
2016-08-09,111,81,74.0,0.0
2016-08-10,128,82,74.0,0.0
2016-08-11,115,81,73.5,0.0
2016-08-12,131,79,72.0,0.0
2016-08-13,129,84,74.5,0.0
2016-08-14,106,86,76.5,0.0
2016-08-15,131,91,78.0,0.0
2016-08-16,145,86,74.5,0.0
2016-08-17,131,84,72.0,0.0
2016-08-18,109,83,72.0,0.0
2016-08-19,153,80,70.5,0.0
2016-08-20,142,76,69.0,0.0
2016-08-21,119,83,73.0,0.0
2016-08-22,124,84,73.5,0.0
2016-08-23,113,83,73.5,0.0
2016-08-24,109,83,73.5,0.0
2016-08-25,119,82,72.5,0.0
2016-08-26,120,78,71.0,0.0
2016-08-27,111,77,70.5,0.0
2016-08-28,99,81,72.0,0.0
2016-08-29,145,86,75.0,0.0
2016-08-30,147,88,77.5,0.0
2016-08-31,145,83,75.0,0.0
2016-09-01,138,84,74.5,0.0
2016-09-02,123,80,72.5,0.0
2016-09-03,94,78,71.5,0.0
2016-09-04,100,77,70.5,0.0
2016-09-05,101,76,70.0,0.0
2016-09-06,137,80,71.0,0.0
2016-09-07,130,81,72.0,0.0
2016-09-08,130,79,72.0,0.0
2016-09-09,151,78,71.0,0.0
2016-09-10,111,81,72.0,0.0
2016-09-11,109,79,70.5,0.0
2016-09-12,112,73,68.0,0.0
2016-09-13,104,70,65.0,0.0
2016-09-14,128,74,66.0,0.0
2016-09-15,133,81,70.5,0.0
2016-09-16,151,78,69.0,0.0
2016-09-17,132,82,71.5,0.0
2016-09-18,141,90,75.5,0.0
2016-09-19,125,86,74.5,0.0
2016-09-20,119,89,80.0,0.0
2016-09-21,133,84,75.5,0.0
2016-09-22,138,79,72.5,0.0
2016-09-23,145,79,70.5,0.0
2016-09-24,121,90,75.0,0.0
2016-09-25,104,96,79.5,0.0
2016-09-26,143,104,86.5,0.0
2016-09-27,149,97,84.0,0.0
2016-09-28,114,90,80.5,0.0
2016-09-29,106,92,80.5,0.0
2016-09-30,146,88,77.5,0.0
2016-10-01,130,86,75.0,0.0
2016-10-02,101,78,70.0,0.0
2016-10-03,119,76,67.5,0.0
2016-10-04,123,78,70.5,0.0
2016-10-05,138,76,67.5,0.0
2016-10-06,123,81,69.0,0.0
2016-10-07,148,91,75.5,0.0
2016-10-08,133,90,75.5,0.0
2016-10-09,108,91,76.0,0.0
2016-10-10,118,84,73.0,0.0
2016-10-11,134,71,65.0,0.0
2016-10-12,119,70,64.5,0.0
2016-10-13,119,75,66.0,0.0
2016-10-14,128,74,67.0,0.0
2016-10-15,110,76,69.5,0.0
2016-10-16,103,75,69.5,0.0
2016-10-17,137,73,67.0,0.34
2016-10-18,116,76,67.5,0.0
2016-10-19,130,90,73.5,0.0
2016-10-20,146,95,78.0,0.0
2016-10-21,148,92,78.0,0.0
2016-10-22,125,85,72.5,0.0
2016-10-23,99,80,70.5,0.05
2016-10-24,114,76,69.0,0.09
2016-10-25,117,74,66.5,0.0
2016-10-26,134,77,67.5,0.0
2016-10-27,113,80,70.0,0.0
2016-10-28,116,77,70.0,0.01
2016-10-29,119,80,70.0,0.0
2016-10-30,112,68,64.5,0.03
2016-10-31,135,69,63.0,0.0
2016-11-01,125,70,64.0,0.0
2016-11-02,123,78,66.0,0.0
2016-11-03,123,88,72.5,0.0
2016-11-04,145,83,70.5,0.0
2016-11-05,122,81,69.0,0.0
2016-11-06,126,76,66.0,0.0
2016-11-07,107,79,67.5,0.0
2016-11-08,121,90,73.5,0.0
2016-11-09,120,93,78.5,0.0
2016-11-10,139,90,76.5,0.0
2016-11-11,118,87,74.0,0.0
2016-11-12,101,82,72.0,0.0
2016-11-13,99,88,74.0,0.0
2016-11-14,127,88,74.5,0.0
2016-11-15,143,78,67.0,0.0
2016-11-16,126,70,62.5,0.0
2016-11-17,151,72,62.0,0.0
2016-11-18,141,78,66.0,0.0
2016-11-19,110,75,62.0,0.0
2016-11-20,138,65,59.5,0.55
2016-11-21,124,67,61.5,0.2
2016-11-22,123,70,61.0,0.0
2016-11-23,110,72,61.0,0.0
2016-11-24,84,78,65.0,0.0
2016-11-25,98,75,63.0,0.0
2016-11-26,105,63,54.0,0.13
2016-11-27,64,65,57.5,0.0
2016-11-28,103,64,55.5,0.0
2016-11-29,129,69,58.0,0.0
2016-11-30,118,68,56.5,0.0
2016-12-01,127,66,58.0,0.0
2016-12-02,144,65,57.0,0.0
2016-12-03,129,68,55.5,0.0
2016-12-04,101,71,57.5,0.0
2016-12-05,122,66,56.5,0.0
2016-12-06,124,65,58.5,0.0
2016-12-07,134,65,57.5,0.0
2016-12-08,130,66,57.5,0.0
2016-12-09,157,65,58.0,0.0
2016-12-10,131,66,60.0,0.0
2016-12-11,96,65,62.0,0.0
2016-12-12,132,67,61.5,0.0
2016-12-13,139,67,60.5,0.0
2016-12-14,138,71,61.0,0.0
2016-12-15,177,65,59.5,0.43
2016-12-16,138,62,58.0,1.33
2016-12-17,115,62,54.5,0.0
2016-12-18,132,67,54.5,0.0
2016-12-19,124,71,55.5,0.0
2016-12-20,120,79,64.0,0.0
2016-12-21,134,70,62.0,0.5
2016-12-22,127,67,60.5,0.27
2016-12-23,144,64,58.0,1.41
2016-12-24,106,61,54.0,0.14
2016-12-25,90,58,50.5,0.0
2016-12-26,77,64,55.0,0.0
2016-12-27,106,72,59.5,0.0
2016-12-28,113,80,66.5,0.0
2016-12-29,97,82,68.5,0.0
2016-12-30,110,67,61.0,0.39
2016-12-31,113,59,53.0,0.08
2017-01-01,103,62,52.5,0.0
2017-01-02,86,58,54.5,0.0
2017-01-03,102,60,54.0,0.0
2017-01-04,111,63,55.0,0.03
2017-01-05,112,65,59.5,0.39
2017-01-06,124,66,58.5,0.0
2017-01-07,98,70,60.5,0.07
2017-01-08,88,79,66.0,0.0
2017-01-09,117,64,59.5,0.77
2017-01-10,111,61,56.0,0.07
2017-01-11,141,66,60.5,0.39
2017-01-12,114,58,55.5,1.13
2017-01-13,158,62,55.5,0.0
2017-01-14,98,72,59.5,0.0
2017-01-15,75,66,59.5,0.0
2017-01-16,107,66,59.0,0.0
2017-01-17,118,68,57.0,0.0
2017-01-18,136,62,54.5,0.04
2017-01-19,113,64,58.0,0.98
2017-01-20,141,59,55.0,1.51
2017-01-21,114,63,54.5,0.0
2017-01-22,97,56,53.5,2.67
2017-01-23,127,58,51.0,0.33
2017-01-24,139,58,49.5,0.0
2017-01-25,117,61,51.0,0.0
2017-01-26,117,65,54.0,0.0
2017-01-27,146,64,54.0,0.0
2017-01-28,119,74,57.5,0.0
2017-01-29,94,80,63.5,0.0
2017-01-30,108,80,66.5,0.0
2017-01-31,120,77,63.5,0.0
2017-02-01,107,72,60.0,0.0
2017-02-02,115,68,60.5,0.0
2017-02-03,150,61,58.0,0.23
2017-02-04,120,66,60.5,0.0
2017-02-05,94,61,58.0,0.0
2017-02-06,117,61,57.5,0.88
2017-02-07,139,66,62.0,0.27
2017-02-08,135,73,66.0,0.03
2017-02-09,121,75,66.5,0.0
2017-02-10,148,65,61.5,0.3
2017-02-11,114,65,60.0,0.21
2017-02-12,115,75,62.5,0.0
2017-02-13,116,77,65.0,0.0
2017-02-14,127,73,64.5,0.0
2017-02-15,146,80,66.5,0.0
2017-02-16,111,68,59.5,0.0
2017-02-17,158,61,57.0,2.01
2017-02-18,111,63,58.0,0.09
2017-02-19,110,63,58.5,0.03
2017-02-20,103,64,59.0,0.03
2017-02-21,99,68,63.0,0.03
2017-02-22,127,66,58.5,0.0
2017-02-23,140,62,55.5,0.0
2017-02-24,137,64,54.0,0.0
2017-02-25,127,66,55.0,0.0
2017-02-26,114,58,53.5,0.06
2017-02-27,110,61,56.5,0.0
2017-02-28,141,66,56.5,0.0
2017-03-01,139,75,61.0,0.0
2017-03-02,125,79,63.5,0.0
2017-03-03,153,82,68.5,0.0
2017-03-04,118,71,62.0,0.0
2017-03-05,100,63,56.0,0.0
2017-03-06,133,67,56.5,0.0
2017-03-07,126,77,63.0,0.0
2017-03-08,134,85,69.5,0.0
2017-03-09,135,87,72.0,0.0
2017-03-10,141,81,68.5,0.0
2017-03-11,106,83,69.0,0.0
2017-03-12,134,84,68.5,0.0
2017-03-13,117,88,71.5,0.0
2017-03-14,115,86,69.0,0.0
2017-03-15,139,85,71.0,0.0
2017-03-16,156,79,68.5,0.0
2017-03-17,165,78,65.5,0.0
2017-03-18,126,75,66.0,0.0
2017-03-19,114,77,66.5,0.0
2017-03-20,102,71,65.0,0.0
2017-03-21,155,67,62.0,0.06
2017-03-22,144,69,62.0,0.03
2017-03-23,108,70,62.0,0.0
2017-03-24,136,72,62.5,0.0
2017-03-25,98,70,62.0,0.0
2017-03-26,102,71,64.0,0.0
2017-03-27,131,74,64.5,0.0
2017-03-28,140,79,68.0,0.0
2017-03-29,146,83,69.5,0.0
2017-03-30,124,75,66.5,0.0
2017-03-31,139,76,67.0,0.0
2017-04-01,118,74,63.5,0.0
2017-04-02,130,79,67.5,0.0
2017-04-03,131,69,62.5,0.0
2017-04-04,120,75,66.5,0.0
2017-04-05,139,86,71.5,0.0
2017-04-06,111,79,68.0,0.0
2017-04-07,115,72,64.5,0.0
2017-04-08,112,69,62.5,0.08
2017-04-09,111,72,62.0,0.0
2017-04-10,101,79,66.5,0.0
2017-04-11,107,77,65.5,0.0
2017-04-12,112,75,65.5,0.0
2017-04-13,112,71,63.5,0.0
2017-04-14,130,70,62.0,0.0
2017-04-15,108,76,64.5,0.0
2017-04-16,88,77,66.0,0.0
2017-04-17,127,75,65.5,0.0
2017-04-18,130,77,68.5,0.0
2017-04-19,150,76,68.5,0.0
2017-04-20,135,79,69.0,0.0
2017-04-21,118,90,75.0,0.0
2017-04-22,103,90,76.5,0.0
2017-04-23,85,81,70.5,0.0
2017-04-24,120,73,66.0,0.0
2017-04-25,136,77,68.5,0.0
2017-04-26,128,78,69.5,0.0
2017-04-27,141,85,72.5,0.0
2017-04-28,135,85,77.0,0.0
2017-04-29,109,83,73.0,0.0
2017-04-30,109,87,73.0,0.0
2017-05-01,159,85,72.5,0.0
2017-05-02,131,87,74.5,0.0
2017-05-03,136,82,72.5,0.0
2017-05-04,142,80,70.5,0.0
2017-05-05,156,72,65.5,0.0
2017-05-06,117,66,59.0,0.02
2017-05-07,99,66,58.5,0.3
2017-05-08,108,71,61.0,0.0
2017-05-09,129,71,63.5,0.0
2017-05-10,106,69,65.0,0.0
2017-05-11,133,71,64.5,0.0
2017-05-12,125,75,67.0,0.0
2017-05-13,118,75,66.0,0.0
2017-05-14,103,72,64.5,0.0
2017-05-15,97,67,62.0,0.0
2017-05-16,114,70,62.5,0.0
2017-05-17,119,70,64.0,0.0
2017-05-18,133,75,66.0,0.0
2017-05-19,151,88,74.0,0.0
2017-05-20,132,94,78.5,0.0
2017-05-21,110,87,75.0,0.0
2017-05-22,109,81,70.5,0.0
2017-05-23,138,82,70.5,0.0
2017-05-24,121,76,67.5,0.0
2017-05-25,126,68,64.5,0.0
2017-05-26,116,72,66.5,0.0
2017-05-27,109,72,65.0,0.0
2017-05-28,105,78,68.5,0.0
2017-05-29,93,73,66.5,0.0
2017-05-30,125,72,67.0,0.0
2017-05-31,110,69,65.5,0.0
2017-06-01,128,73,67.5,0.0
2017-06-02,162,77,69.5,0.0
2017-06-03,112,80,71.5,0.0
2017-06-04,121,75,69.0,0.0
2017-06-05,105,76,69.5,0.0
2017-06-06,106,73,68.5,0.0
2017-06-07,113,72,67.5,0.0
2017-06-08,132,70,65.5,0.01
2017-06-09,136,77,68.5,0.0
2017-06-10,100,75,69.0,0.0
2017-06-11,88,72,66.5,0.0
2017-06-12,116,74,67.0,0.0
2017-06-13,131,81,70.5,0.0
2017-06-14,126,85,73.5,0.0
2017-06-15,131,86,74.5,0.0
2017-06-16,147,88,76.0,0.0
2017-06-17,134,86,75.0,0.0
2017-06-18,98,86,74.0,0.0
2017-06-19,109,84,73.5,0.0
2017-06-20,116,84,73.5,0.0
2017-06-21,108,82,73.0,0.0
2017-06-22,116,81,73.0,0.0
2017-06-23,108,78,70.5,0.0
2017-06-24,103,77,69.5,0.0
2017-06-25,123,88,76.0,0.0
2017-06-26,129,94,80.5,0.0
2017-06-27,132,89,76.5,0.0
2017-06-28,117,80,71.5,0.0
2017-06-29,115,78,71.0,0.0
2017-06-30,149,77,70.0,0.0
2017-07-01,107,75,69.0,0.0
2017-07-02,90,82,73.0,0.0
2017-07-03,140,84,73.5,0.0
2017-07-04,100,82,72.5,0.0
2017-07-05,111,86,75.0,0.0
2017-07-06,108,88,77.0,0.0
2017-07-07,130,96,82.0,0.0
2017-07-08,133,98,85.0,0.0
2017-07-09,114,96,84.0,0.0
2017-07-10,104,92,81.0,0.0
2017-07-11,125,86,77.0,0.0
2017-07-12,143,82,74.5,0.0
2017-07-13,141,83,74.5,0.0
2017-07-14,136,82,73.5,0.0
2017-07-15,118,89,77.5,0.0
2017-07-16,111,87,78.5,0.0
2017-07-17,135,86,77.5,0.0
2017-07-18,115,85,76.0,0.0
2017-07-19,104,86,76.5,0.0
2017-07-20,125,89,78.5,0.0
2017-07-21,138,85,76.0,0.0
2017-07-22,130,86,76.5,0.0
2017-07-23,123,86,77.0,0.0
2017-07-24,90,85,76.5,0.0
2017-07-25,122,82,75.0,0.0
2017-07-26,139,82,75.0,0.0
2017-07-27,116,83,75.0,0.0
2017-07-28,133,84,75.0,0.0
2017-07-29,124,86,76.5,0.0
2017-07-30,98,83,74.5,0.0
2017-07-31,139,82,74.0,0.0
2017-08-01,148,91,80.0,0.0
2017-08-02,120,93,83.5,0.0
2017-08-03,121,92,83.0,0.0
2017-08-04,110,86,78.5,0.0
2017-08-05,126,87,78.5,0.0
2017-08-06,88,83,75.5,0.0
2017-08-07,130,83,75.0,0.0
2017-08-08,132,87,77.5,0.0
2017-08-09,123,84,75.0,0.0
2017-08-10,118,85,76.0,0.0
2017-08-11,137,83,74.5,0.0
2017-08-12,127,85,75.0,0.0
2017-08-13,99,84,74.5,0.0
2017-08-14,109,81,73.5,0.0
2017-08-15,114,77,72.0,0.0
2017-08-16,129,80,73.5,0.0
2017-08-17,130,81,73.0,0.0
2017-08-18,129,81,73.0,0.0
2017-08-19,141,83,75.0,0.0
2017-08-20,103,82,75.0,0.0
2017-08-21,113,82,74.5,0.0
2017-08-22,127,82,74.0,0.0
2017-08-23,138,79,73.0,0.0
2017-08-24,108,79,73.5,0.0
2017-08-25,168,81,74.5,0.0
2017-08-26,133,87,77.5,0.0
2017-08-27,96,83,75.0,0.0
2017-08-28,125,88,77.5,0.0
2017-08-29,124,96,83.0,0.0
2017-08-30,152,92,81.5,0.0
2017-08-31,134,102,88.0,0.0
2017-09-01,138,102,89.0,0.0
2017-09-02,111,100,89.0,0.0
2017-09-03,120,99,87.5,0.0
2017-09-04,79,85,79.0,0.01
2017-09-05,140,83,77.0,0.0
2017-09-06,125,83,76.5,0.0
2017-09-07,139,86,76.5,0.0
2017-09-08,134,85,76.0,0.0
2017-09-09,122,83,75.0,0.0
2017-09-10,88,91,79.0,0.0
2017-09-11,132,93,82.0,0.0
2017-09-12,130,79,73.0,0.0
2017-09-13,119,78,72.0,0.0
2017-09-14,107,78,71.0,0.0
2017-09-15,134,78,72.0,0.0
2017-09-16,111,79,72.5,0.0
2017-09-17,100,76,71.0,0.0
2017-09-18,128,77,70.0,0.0
2017-09-19,110,76,71.0,0.0
2017-09-20,122,80,71.5,0.0
2017-09-21,107,73,68.5,0.06
2017-09-22,143,76,69.0,0.0
2017-09-23,94,76,68.5,0.0
2017-09-24,88,86,72.5,0.0
2017-09-25,113,88,74.5,0.0
2017-09-26,109,87,74.5,0.0
2017-09-27,152,86,74.0,0.0
2017-09-28,137,88,75.5,0.0
2017-09-29,151,89,76.5,0.0
2017-09-30,111,82,73.0,0.0
2017-10-01,108,78,72.0,0.0
2017-10-02,129,79,71.5,0.0
2017-10-03,125,78,71.0,0.0
2017-10-04,125,79,69.0,0.0
2017-10-05,136,85,72.0,0.0
2017-10-06,143,92,76.0,0.0
2017-10-07,143,96,79.5,0.0
2017-10-08,102,82,72.5,0.0
2017-10-09,119,87,76.0,0.0
2017-10-10,136,88,74.0,0.0
2017-10-11,137,76,69.0,0.0
2017-10-12,119,78,70.5,0.0
2017-10-13,146,78,68.5,0.0
2017-10-14,147,87,73.0,0.0
2017-10-15,107,96,79.0,0.0
2017-10-16,130,96,81.0,0.0
2017-10-17,143,94,80.0,0.0
2017-10-18,123,86,76.5,0.0
2017-10-19,137,78,71.0,0.0
2017-10-20,139,75,69.5,0.1
2017-10-21,124,78,69.0,0.0
2017-10-22,119,93,77.5,0.0
2017-10-23,150,102,84.5,0.0
2017-10-24,148,104,86.0,0.0
2017-10-25,142,100,84.5,0.0
2017-10-26,130,93,79.5,0.0
2017-10-27,144,86,74.5,0.0
2017-10-28,121,80,71.0,0.0
2017-10-29,100,73,67.5,0.0
2017-10-30,127,69,66.5,0.0
2017-10-31,140,69,66.0,0.0
2017-11-01,129,72,67.5,0.0
2017-11-02,128,68,63.5,0.0
2017-11-03,159,71,65.0,0.0
2017-11-04,167,72,64.5,0.0
2017-11-05,97,70,64.5,0.0
2017-11-06,132,73,65.5,0.0
2017-11-07,138,76,67.5,0.0
2017-11-08,138,77,66.5,0.0
2017-11-09,146,72,66.0,0.0
2017-11-10,106,71,64.5,0.0
2017-11-11,121,73,63.5,0.0
2017-11-12,103,69,62.0,0.0
2017-11-13,131,73,63.0,0.0
2017-11-14,122,78,65.5,0.0
2017-11-15,121,79,67.5,0.0
2017-11-16,137,78,68.5,0.0
2017-11-17,166,73,67.0,0.01
2017-11-18,117,78,66.5,0.0
2017-11-19,91,77,66.0,0.0
2017-11-20,111,73,61.5,0.0
2017-11-21,149,88,73.0,0.0
2017-11-22,162,93,77.5,0.0
2017-11-23,97,92,78.0,0.0
2017-11-24,101,84,71.5,0.0
2017-11-25,89,83,70.5,0.0
2017-11-26,87,71,64.5,0.0
2017-11-27,123,68,61.0,0.0
2017-11-28,108,76,62.5,0.0
2017-11-29,129,75,63.5,0.0
2017-11-30,163,76,63.5,0.0
2017-12-01,174,74,63.0,0.0
2017-12-02,144,76,63.5,0.0
2017-12-03,103,69,60.5,0.0
2017-12-04,146,72,61.5,0.0
2017-12-05,165,71,58.0,0.0
2017-12-06,122,75,59.5,0.0
2017-12-07,135,78,62.0,0.0
2017-12-08,153,78,63.0,0.0
2017-12-09,124,83,66.5,0.0
2017-12-10,98,82,66.0,0.0
2017-12-11,124,80,66.5,0.0
2017-12-12,137,83,68.0,0.0
2017-12-13,154,81,65.0,0.0
2017-12-14,126,76,62.0,0.0
2017-12-15,148,81,65.5,0.0
2017-12-16,119,67,59.5,0.0
2017-12-17,127,72,60.0,0.0
2017-12-18,126,72,61.0,0.0
2017-12-19,131,69,58.0,0.0
2017-12-20,114,60,53.5,0.01
2017-12-21,139,63,53.5,0.0
2017-12-22,147,65,52.5,0.0
2017-12-23,115,66,56.5,0.0
2017-12-24,90,74,59.5,0.0
2017-12-25,78,69,57.0,0.0
2017-12-26,96,68,57.0,0.0
2017-12-27,111,76,61.0,0.0
2017-12-28,112,79,63.0,0.0
2017-12-29,114,83,67.5,0.0
2017-12-30,118,73,60.5,0.0
2017-12-31,98,69,59.0,0.0
2018-01-01,96,71,59.0,0.0
2018-01-02,111,78,65.0,0.0
2018-01-03,94,74,63.5,0.0
2018-01-04,109,75,64.0,0.0
2018-01-05,114,73,63.5,0.0
2018-01-06,94,68,62.0,0.0
2018-01-07,87,74,66.0,0.0
2018-01-08,169,68,64.5,0.32
2018-01-09,170,64,57.5,1.45
2018-01-10,140,66,57.0,0.0
2018-01-11,143,70,59.5,0.0
2018-01-12,142,72,61.0,0.0
2018-01-13,117,84,68.5,0.0
2018-01-14,82,83,69.5,0.0
2018-01-15,100,72,61.5,0.0
2018-01-16,117,72,62.0,0.0
2018-01-17,110,78,65.0,0.0
2018-01-18,105,76,65.0,0.0
2018-01-19,131,65,59.0,0.0
2018-01-20,101,62,56.5,0.0
2018-01-21,89,64,53.0,0.0
2018-01-22,125,69,56.5,0.0
2018-01-23,133,75,60.5,0.0
2018-01-24,126,75,63.5,0.0
2018-01-25,125,63,56.0,0.0
2018-01-26,130,68,57.0,0.0
2018-01-27,129,74,61.5,0.0
2018-01-28,117,83,66.0,0.0
2018-01-29,125,86,69.5,0.0
2018-01-30,106,82,69.5,0.0
2018-01-31,138,81,66.5,0.0
2018-02-01,146,79,65.5,0.0
2018-02-02,144,84,69.0,0.0
2018-02-03,128,80,66.5,0.0
2018-02-04,101,81,66.0,0.0
2018-02-05,107,77,65.0,0.0
2018-02-06,116,73,63.5,0.0
2018-02-07,137,82,66.5,0.0
2018-02-08,140,83,67.5,0.0
2018-02-09,150,73,63.5,0.0
2018-02-10,110,65,60.0,0.0
2018-02-11,121,72,61.0,0.0
2018-02-12,134,63,58.0,0.01
2018-02-13,144,66,58.5,0.0
2018-02-14,122,69,61.5,0.0
2018-02-15,123,71,61.0,0.0
2018-02-16,162,74,61.5,0.0
2018-02-17,147,76,62.5,0.0
2018-02-18,121,69,58.5,0.0
2018-02-19,93,59,53.5,0.0
2018-02-20,138,60,50.0,0.0
2018-02-21,128,62,54.5,0.0
2018-02-22,131,62,53.5,0.0
2018-02-23,128,59,51.5,0.0
2018-02-24,122,62,51.0,0.0
2018-02-25,112,68,56.0,0.0
2018-02-26,118,67,56.0,0.02
2018-02-27,119,56,49.5,0.0
2018-02-28,141,62,51.5,0.0
2018-03-01,108,63,54.0,0.0
2018-03-02,164,59,55.0,0.51
2018-03-03,130,61,54.5,0.05
2018-03-04,112,62,52.5,0.0
2018-03-05,122,72,58.0,0.0
2018-03-06,145,78,64.0,0.0
2018-03-07,131,72,61.5,0.0
2018-03-08,122,73,61.5,0.0
2018-03-09,153,72,63.5,0.0
2018-03-10,136,62,59.5,0.51
2018-03-11,122,69,63.0,0.02
2018-03-12,112,72,64.5,0.0
2018-03-13,122,70,64.0,0.05
2018-03-14,129,65,59.5,0.07
2018-03-15,147,67,59.0,0.17
2018-03-16,113,63,57.5,0.1
2018-03-17,134,62,56.0,0.0
2018-03-18,129,64,55.0,0.0
2018-03-19,125,74,61.5,0.0
2018-03-20,115,72,64.0,0.0
2018-03-21,127,65,60.0,0.65
2018-03-22,141,65,61.0,0.56
2018-03-23,158,69,62.0,0.0
2018-03-24,117,65,59.5,0.0
2018-03-25,90,64,57.5,0.0
2018-03-26,125,72,60.0,0.0
2018-03-27,127,77,63.5,0.0
2018-03-28,128,76,64.0,0.0
2018-03-29,113,74,62.5,0.0
2018-03-30,109,76,64.0,0.0
2018-03-31,109,70,61.0,0.0
2018-04-01,91,70,62.5,0.0
2018-04-02,126,69,62.5,0.0
2018-04-03,132,70,62.5,0.0
2018-04-04,123,66,60.0,0.0
2018-04-05,133,68,62.5,0.0
2018-04-06,117,70,62.5,0.0
2018-04-07,105,72,65.5,0.0
2018-04-08,104,75,65.0,0.0
2018-04-09,126,95,75.5,0.0
2018-04-10,120,88,74.5,0.0
2018-04-11,142,80,69.0,0.0
2018-04-12,158,70,62.5,0.0
2018-04-13,147,79,67.5,0.0
2018-04-14,136,87,72.0,0.0
2018-04-15,96,79,67.0,0.0
2018-04-16,129,65,58.5,0.0
2018-04-17,129,71,61.0,0.0
2018-04-18,126,72,62.5,0.0
2018-04-19,118,63,57.0,0.02
2018-04-20,135,74,64.0,0.0
2018-04-21,117,83,68.0,0.0
2018-04-22,109,79,68.0,0.0
2018-04-23,139,76,65.5,0.0
2018-04-24,123,70,61.5,0.0
2018-04-25,132,70,62.5,0.0
2018-04-26,128,71,63.0,0.0
2018-04-27,153,70,62.5,0.0
2018-04-28,119,70,62.0,0.0
2018-04-29,108,69,62.0,0.0
2018-04-30,105,68,61.5,0.0
2018-05-01,128,61,58.0,0.02
2018-05-02,121,65,59.5,0.0
2018-05-03,129,69,60.5,0.0
2018-05-04,130,90,73.0,0.0
2018-05-05,129,86,72.5,0.0
2018-05-06,123,83,70.5,0.0
2018-05-07,117,76,65.5,0.0
2018-05-08,119,76,67.0,0.0
2018-05-09,109,75,67.0,0.0
2018-05-10,125,76,68.0,0.0
2018-05-11,153,65,62.5,0.0
2018-05-12,120,66,61.5,0.0
2018-05-13,95,70,64.0,0.03
2018-05-14,109,72,64.0,0.0
2018-05-15,125,71,64.5,0.0
2018-05-16,124,75,66.0,0.0
2018-05-17,141,74,65.5,0.0
2018-05-18,145,70,64.5,0.0
2018-05-19,108,68,63.0,0.0
2018-05-20,88,70,65.0,0.0
2018-05-21,129,67,63.5,0.04
2018-05-22,114,68,63.5,0.0
2018-05-23,100,69,64.0,0.0
2018-05-24,113,67,63.5,0.0
2018-05-25,126,69,63.0,0.0
2018-05-26,94,72,64.5,0.0
2018-05-27,89,74,66.0,0.0
2018-05-28,99,73,65.5,0.0
2018-05-29,108,72,66.5,0.0
2018-05-30,112,70,65.0,0.0
2018-05-31,111,72,66.0,0.0
2018-06-01,142,75,66.5,0.0
2018-06-02,105,80,69.5,0.0
2018-06-03,110,79,69.5,0.0
2018-06-04,117,77,68.5,0.0
2018-06-05,123,73,67.5,0.0
2018-06-06,145,74,67.0,0.0
2018-06-07,138,77,67.5,0.0
2018-06-08,134,81,70.0,0.0
2018-06-09,124,82,72.0,0.0
2018-06-10,105,80,71.0,0.0
2018-06-11,126,81,72.0,0.0
2018-06-12,131,84,73.5,0.0
2018-06-13,135,80,70.5,0.0
2018-06-14,124,88,74.5,0.0
2018-06-15,127,82,72.5,0.0
2018-06-16,104,75,69.5,0.0
2018-06-17,82,70,65.5,0.0
2018-06-18,134,72,66.0,0.0
2018-06-19,109,75,68.0,0.0
2018-06-20,125,80,70.0,0.0
2018-06-21,95,78,71.5,0.0
2018-06-22,133,78,70.5,0.0
2018-06-23,115,74,69.0,0.0
2018-06-24,108,77,70.0,0.0
2018-06-25,116,79,71.5,0.0
2018-06-26,132,78,71.0,0.0
2018-06-27,111,80,71.5,0.0
2018-06-28,128,79,71.0,0.0
2018-06-29,139,79,72.5,0.0
2018-06-30,121,80,73.0,0.0
2018-07-01,103,78,71.5,0.0
2018-07-02,132,78,71.0,0.0
2018-07-03,120,80,72.0,0.0
2018-07-04,98,82,73.5,0.0
2018-07-05,134,88,75.5,0.0
2018-07-06,139,108,88.5,0.0
2018-07-07,110,104,91.5,0.0
2018-07-08,96,98,86.5,0.0
2018-07-09,135,96,85.0,0.0
2018-07-10,128,91,82.0,0.0
2018-07-11,132,90,81.0,0.0
2018-07-12,138,88,79.0,0.0
2018-07-13,160,83,76.0,0.0
2018-07-14,132,84,76.5,0.0
2018-07-15,134,87,78.5,0.0
2018-07-16,132,84,76.5,0.0
2018-07-17,132,81,74.5,0.0
2018-07-18,121,83,76.0,0.0
2018-07-19,133,86,78.0,0.0
2018-07-20,148,82,75.5,0.0
2018-07-21,120,82,75.5,0.0
2018-07-22,118,88,78.0,0.0
2018-07-23,146,93,81.5,0.0
2018-07-24,110,94,83.0,0.0
2018-07-25,135,90,81.0,0.0
2018-07-26,120,88,79.5,0.0
2018-07-27,135,84,77.0,0.0
2018-07-28,135,86,78.0,0.0
2018-07-29,100,96,83.0,0.0
2018-07-30,118,87,78.5,0.0
2018-07-31,125,88,79.0,0.0
2018-08-01,126,90,80.5,0.0
2018-08-02,138,90,80.5,0.0
2018-08-03,118,92,81.0,0.0
2018-08-04,131,90,79.0,0.0
2018-08-05,116,89,78.5,0.0
2018-08-06,143,93,81.0,0.0
2018-08-07,124,96,83.5,0.0
2018-08-08,117,98,85.0,0.0
2018-08-09,122,97,84.0,0.0
2018-08-10,123,93,83.0,0.0
2018-08-11,123,90,81.5,0.0
2018-08-12,110,88,78.5,0.0
2018-08-13,133,86,77.0,0.0
2018-08-14,146,84,76.0,0.0
2018-08-15,149,86,77.5,0.0
2018-08-16,138,86,79.0,0.0
2018-08-17,138,87,79.5,0.0
2018-08-18,127,85,78.0,0.0
2018-08-19,107,86,77.5,0.0
2018-08-20,120,86,78.0,0.0
2018-08-21,131,86,78.0,0.0
2018-08-22,116,84,77.0,0.0
2018-08-23,160,84,76.0,0.0
2018-08-24,134,84,75.5,0.0
2018-08-25,121,81,74.0,0.0
2018-08-26,109,82,74.0,0.0
2018-08-27,104,81,74.0,0.0
2018-08-28,136,81,73.0,0.0
2018-08-29,129,85,76.0,0.0
2018-08-30,143,87,76.0,0.0
2018-08-31,117,85,75.0,0.0
2018-09-01,132,82,74.5,0.0
2018-09-02,108,79,74.0,0.0
2018-09-03,85,79,74.0,0.0
2018-09-04,119,76,72.0,0.0
2018-09-05,123,77,72.0,0.0
2018-09-06,142,76,71.0,0.0
2018-09-07,135,82,73.5,0.0
2018-09-08,123,84,74.5,0.0
2018-09-09,115,89,76.5,0.0
2018-09-10,117,84,75.5,0.0
2018-09-11,134,82,75.0,0.0
2018-09-12,130,81,73.5,0.0
2018-09-13,145,85,74.5,0.0
2018-09-14,152,92,78.5,0.0
2018-09-15,118,86,75.5,0.0
2018-09-16,124,87,75.5,0.0
2018-09-17,126,87,74.5,0.0
2018-09-18,138,85,73.0,0.0
2018-09-19,118,81,71.0,0.0
2018-09-20,116,82,72.5,0.0
2018-09-21,172,80,72.5,0.0
2018-09-22,116,81,72.5,0.0
2018-09-23,105,80,72.5,0.0
2018-09-24,121,79,71.5,0.0
2018-09-25,118,73,68.0,0.0
2018-09-26,138,80,71.5,0.0
2018-09-27,131,80,72.0,0.0
2018-09-28,137,82,73.0,0.0
2018-09-29,119,81,73.0,0.0
2018-09-30,118,85,73.0,0.0
2018-10-01,148,90,78.0,0.0
2018-10-02,137,82,74.5,0.0
2018-10-03,124,80,74.0,0.0
2018-10-04,151,79,72.0,0.0
2018-10-05,155,77,71.0,0.0
2018-10-06,99,77,70.5,0.0
2018-10-07,120,78,70.5,0.0
2018-10-08,122,77,70.0,0.0
2018-10-09,154,77,70.0,0.0
2018-10-10,145,73,68.0,0.0
2018-10-11,133,75,67.5,0.0
2018-10-12,175,81,70.5,0.42
2018-10-13,114,71,66.5,0.15
2018-10-14,116,73,67.5,0.0
2018-10-15,125,82,70.5,0.0
2018-10-16,142,83,68.5,0.0
2018-10-17,137,83,70.0,0.0
2018-10-18,138,85,71.5,0.0
2018-10-19,148,89,74.5,0.0
2018-10-20,120,90,75.5,0.0
2018-10-21,102,81,71.5,0.0
2018-10-22,147,76,69.5,0.0
2018-10-23,115,73,67.5,0.0
2018-10-24,131,79,70.5,0.0
2018-10-25,143,79,71.0,0.0
2018-10-26,133,84,72.5,0.0
2018-10-27,107,84,71.5,0.0
2018-10-28,129,81,69.5,0.0
2018-10-29,142,74,66.0,0.0
2018-10-30,120,74,67.5,0.0
2018-10-31,161,80,67.5,0.0
2018-11-01,154,82,69.0,0.0
2018-11-02,161,88,73.0,0.0
2018-11-03,131,86,72.0,0.0
2018-11-04,97,82,70.5,0.0
2018-11-05,125,77,69.0,0.0
2018-11-06,119,75,68.5,0.0
2018-11-07,134,71,65.5,0.0
2018-11-08,121,75,66.5,0.0
2018-11-09,160,82,66.0,0.0
2018-11-10,120,78,65.5,0.0
2018-11-11,104,78,64.0,0.0
2018-11-12,102,78,63.0,0.0
2018-11-13,132,76,61.5,0.0
2018-11-14,139,79,66.5,0.0
2018-11-15,124,80,65.5,0.0
2018-11-16,129,76,64.0,0.0
2018-11-17,113,72,65.0,0.0
2018-11-18,110,74,64.5,0.0
2018-11-19,114,73,62.5,0.0
2018-11-20,141,74,62.0,0.0
2018-11-21,138,71,62.0,0.07
2018-11-22,97,68,62.0,0.42
2018-11-23,83,69,61.5,0.0
2018-11-24,105,71,63.0,0.0
2018-11-25,96,76,66.0,0.0
2018-11-26,138,78,66.0,0.0
2018-11-27,105,76,66.0,0.0
2018-11-28,141,69,62.0,0.07
2018-11-29,150,65,59.5,1.02
2018-11-30,156,67,60.0,0.0
2018-12-01,119,66,57.0,0.0
2018-12-02,124,65,58.5,0.0
2018-12-03,132,68,59.5,0.0
2018-12-04,141,71,61.0,0.0
2018-12-05,135,61,56.5,0.2
2018-12-06,140,58,54.0,1.91
2018-12-07,163,70,59.5,0.0
2018-12-08,112,72,62.0,0.0
2018-12-09,103,72,62.5,0.0
2018-12-10,117,68,62.0,0.0
2018-12-11,131,70,60.0,0.0
2018-12-12,142,66,59.0,0.0
2018-12-13,146,77,62.5,0.0
2018-12-14,144,69,62.5,0.0
2018-12-15,125,72,59.5,0.0
2018-12-16,106,71,58.5,0.0
2018-12-17,138,68,61.5,0.0
2018-12-18,106,68,60.5,0.0
2018-12-19,127,75,62.0,0.0
2018-12-20,119,76,62.5,0.0
2018-12-21,132,71,63.0,0.0
2018-12-22,96,70,59.5,0.0
2018-12-23,87,67,57.0,0.0
2018-12-24,95,67,60.0,0.0
2018-12-25,67,67,59.5,0.0
2018-12-26,94,66,56.5,0.0
2018-12-27,97,67,58.0,0.0
2018-12-28,111,62,53.5,0.0
2018-12-29,90,62,50.5,0.0
2018-12-30,104,66,53.5,0.0
2018-12-31,120,63,54.5,0.0
2019-01-01,96,62,50.0,0.0
2019-01-02,102,63,50.5,0.0
2019-01-03,121,67,55.0,0.0
2019-01-04,116,66,55.5,0.0
2019-01-05,103,58,53.0,0.55
2019-01-06,86,61,53.5,0.0
2019-01-07,100,61,56.0,0.2
2019-01-08,109,72,61.0,0.0
2019-01-09,130,67,57.0,0.0
2019-01-10,131,65,57.0,0.0
2019-01-11,146,65,58.0,0.0
2019-01-12,116,60,56.0,0.74
2019-01-13,91,61,55.0,0.0
2019-01-14,107,57,54.5,1.0
2019-01-15,130,59,54.5,0.55
2019-01-16,142,60,56.5,0.99
2019-01-17,126,62,59.0,0.93
2019-01-18,136,67,60.5,0.0
2019-01-19,106,78,64.5,0.0
2019-01-20,89,74,64.0,0.0
2019-01-21,95,63,58.0,0.0
2019-01-22,93,67,57.0,0.0
2019-01-23,131,67,56.0,0.0
2019-01-24,135,77,61.5,0.0
2019-01-25,148,77,62.5,0.0
2019-01-26,117,77,63.5,0.0
2019-01-27,99,77,64.0,0.0
2019-01-28,99,75,62.5,0.0
2019-01-29,126,71,63.0,0.0
2019-01-30,124,68,61.0,0.0
2019-01-31,151,60,56.0,0.99
2019-02-01,120,64,56.0,0.0
2019-02-02,139,59,56.0,1.73
2019-02-03,121,60,56.0,0.46
2019-02-04,125,60,55.5,0.27
2019-02-05,138,56,51.0,0.24
2019-02-06,92,57,50.0,0.0
2019-02-07,142,62,52.5,0.0
2019-02-08,143,63,53.5,0.0
2019-02-09,143,60,53.5,0.26
2019-02-10,92,58,52.5,0.12
2019-02-11,138,61,50.5,0.0
2019-02-12,114,69,55.5,0.0
2019-02-13,148,61,56.5,0.09
2019-02-14,141,63,58.0,2.12
2019-02-15,164,61,55.0,0.18
2019-02-16,102,60,52.5,0.0
2019-02-17,104,58,51.0,0.0
2019-02-18,103,59,51.0,0.0
2019-02-19,125,60,50.5,0.0
2019-02-20,118,57,50.0,0.08
2019-02-21,131,57,50.0,0.0
2019-02-22,168,62,51.0,0.0
2019-02-23,133,62,54.0,0.0
2019-02-24,108,66,56.0,0.0
2019-02-25,107,68,58.0,0.0
2019-02-26,119,66,56.5,0.0
2019-02-27,119,66,58.0,0.01
2019-02-28,157,67,61.5,0.03
2019-03-01,142,66,61.5,0.0
2019-03-02,112,62,58.5,0.89
2019-03-03,106,63,58.5,0.0
2019-03-04,114,65,58.5,0.0
2019-03-05,113,67,58.0,0.05
2019-03-06,150,61,57.5,1.25
2019-03-07,124,62,56.5,0.0
2019-03-08,135,60,54.5,0.0
2019-03-09,123,62,56.0,0.0
2019-03-10,98,62,55.5,0.0
2019-03-11,102,67,58.5,0.0
2019-03-12,127,71,63.0,0.0
2019-03-13,145,69,60.0,0.0
2019-03-14,136,71,59.5,0.0
2019-03-15,152,76,62.0,0.0
2019-03-16,128,81,65.5,0.0
2019-03-17,119,85,71.0,0.0
2019-03-18,143,79,68.0,0.0
2019-03-19,126,69,62.0,0.0
2019-03-20,123,67,60.5,0.0
2019-03-21,142,63,57.5,0.0
2019-03-22,160,66,57.5,0.0
2019-03-23,87,66,60.5,0.0
2019-03-24,100,70,61.5,0.0
2019-03-25,108,75,64.0,0.0
2019-03-26,135,72,62.5,0.0
2019-03-27,110,70,63.0,0.0
2019-03-28,146,67,60.5,0.0
2019-03-29,162,73,62.0,0.0
2019-03-30,124,80,67.0,0.0
2019-03-31,104,85,72.5,0.0
2019-04-01,116,84,72.5,0.0
2019-04-02,137,71,65.0,0.0
2019-04-03,127,67,62.0,0.0
2019-04-04,128,67,61.5,0.01
2019-04-05,136,67,60.5,0.0
2019-04-06,128,70,63.0,0.0
2019-04-07,113,79,67.5,0.0
2019-04-08,123,87,73.5,0.0
2019-04-09,124,80,71.0,0.0
2019-04-10,152,77,68.0,0.0
2019-04-11,122,74,65.5,0.0
2019-04-12,149,77,67.0,0.0
2019-04-13,121,79,67.5,0.0
2019-04-14,89,73,63.5,0.0
2019-04-15,100,67,59.5,0.0
2019-04-16,101,65,61.0,0.0
2019-04-17,137,75,64.5,0.0
2019-04-18,155,82,69.0,0.0
2019-04-19,129,73,65.0,0.0
2019-04-20,102,66,61.5,0.0
2019-04-21,104,70,62.5,0.0
2019-04-22,147,69,62.0,0.0
2019-04-23,114,78,67.0,0.0
2019-04-24,117,79,68.5,0.0
2019-04-25,130,77,67.5,0.0
2019-04-26,135,71,64.5,0.0
2019-04-27,106,69,64.0,0.0
2019-04-28,93,70,64.0,0.0
2019-04-29,121,68,62.0,0.01
2019-04-30,117,67,62.0,0.0
2019-05-01,137,70,62.0,0.0
2019-05-02,140,69,62.0,0.0
2019-05-03,142,73,64.5,0.0
2019-05-04,96,73,66.0,0.0
2019-05-05,119,72,65.0,0.01
2019-05-06,138,69,63.0,0.02
2019-05-07,101,67,62.0,0.0
2019-05-08,129,65,62.0,0.0
2019-05-09,125,66,63.0,0.0
2019-05-10,159,69,64.0,0.0
2019-05-11,122,75,66.0,0.0
2019-05-12,102,75,68.0,0.0
2019-05-13,132,71,66.5,0.0
2019-05-14,121,73,66.5,0.0
2019-05-15,131,68,64.0,0.0
2019-05-16,145,67,62.5,0.48
2019-05-17,141,72,63.0,0.0
2019-05-18,142,72,64.0,0.01
2019-05-19,106,65,58.5,0.21
2019-05-20,114,69,61.5,0.0
2019-05-21,133,67,62.5,0.0
2019-05-22,143,68,62.0,0.04
2019-05-23,126,64,60.0,0.0
2019-05-24,159,71,62.0,0.0
2019-05-25,104,71,63.5,0.0
2019-05-26,89,62,57.5,0.04
2019-05-27,95,68,58.5,0.0
2019-05-28,129,71,63.0,0.0
2019-05-29,135,77,67.0,0.0
2019-05-30,135,76,67.5,0.0
2019-05-31,136,72,65.5,0.0
2019-06-01,122,67,64.0,0.0
2019-06-02,112,67,63.5,0.0
2019-06-03,113,70,65.0,0.0
2019-06-04,131,74,67.5,0.0
2019-06-05,155,75,69.0,0.0
2019-06-06,139,75,69.0,0.0
2019-06-07,123,72,67.0,0.0
2019-06-08,132,79,71.0,0.0
2019-06-09,107,82,72.5,0.0
2019-06-10,140,92,77.5,0.0
2019-06-11,129,90,77.5,0.0
2019-06-12,128,80,71.5,0.0
2019-06-13,131,73,67.5,0.0
2019-06-14,139,73,68.0,0.0
2019-06-15,125,75,69.5,0.0
2019-06-16,112,73,68.0,0.0
2019-06-17,110,73,68.0,0.0
2019-06-18,110,72,67.5,0.0
2019-06-19,112,79,72.0,0.0
2019-06-20,126,73,69.0,0.0
2019-06-21,115,71,66.5,0.0
2019-06-22,111,74,68.5,0.0
2019-06-23,127,77,69.5,0.0
2019-06-24,119,72,67.5,0.0
2019-06-25,101,71,67.5,0.0
2019-06-26,122,73,67.5,0.0
2019-06-27,149,77,69.5,0.0
2019-06-28,132,81,72.0,0.0
2019-06-29,143,85,72.5,0.0
2019-06-30,114,86,74.5,0.0
2019-07-01,133,84,74.0,0.0
2019-07-02,128,82,73.5,0.0
2019-07-03,146,80,72.5,0.0
2019-07-04,98,75,69.5,0.0
2019-07-05,122,78,70.0,0.0
2019-07-06,114,78,71.0,0.0
2019-07-07,105,75,70.0,0.0
2019-07-08,129,75,70.0,0.0
2019-07-09,127,80,71.5,0.0
2019-07-10,136,79,71.0,0.0
2019-07-11,135,85,74.0,0.0
2019-07-12,138,86,75.0,0.0
2019-07-13,134,85,75.0,0.0
2019-07-14,110,81,73.5,0.0
2019-07-15,135,84,73.5,0.0
2019-07-16,162,85,75.0,0.0
2019-07-17,109,82,74.5,0.0
2019-07-18,147,82,73.5,0.0
2019-07-19,149,82,73.0,0.0
2019-07-20,148,80,72.5,0.0
2019-07-21,125,81,72.5,0.0
2019-07-22,126,85,74.5,0.0
2019-07-23,149,92,80.5,0.0
2019-07-24,136,95,83.0,0.0
2019-07-25,142,93,82.5,0.0
2019-07-26,166,91,80.0,0.0
2019-07-27,132,90,79.5,0.0
2019-07-28,122,85,76.5,0.0
2019-07-29,132,83,74.5,0.0
2019-07-30,126,84,75.5,0.0
2019-07-31,126,83,75.0,0.0
2019-08-01,104,83,74.5,0.0
2019-08-02,151,84,75.0,0.0
2019-08-03,124,87,76.5,0.0
2019-08-04,99,86,76.0,0.0
2019-08-05,107,85,74.5,0.0
2019-08-06,126,88,77.5,0.0
2019-08-07,141,83,74.0,0.0
2019-08-08,129,80,72.0,0.0
2019-08-09,147,83,73.5,0.0
2019-08-10,125,83,73.5,0.0
2019-08-11,124,84,74.5,0.0
2019-08-12,118,84,74.0,0.0
2019-08-13,130,83,74.0,0.0
2019-08-14,129,83,73.0,0.0
2019-08-15,137,82,72.0,0.0
2019-08-16,149,81,72.0,0.0
2019-08-17,120,81,74.0,0.0
2019-08-18,113,80,72.5,0.0
2019-08-19,137,82,73.5,0.0
2019-08-20,153,86,75.5,0.0
2019-08-21,117,90,76.5,0.0
2019-08-22,139,84,75.5,0.0
2019-08-23,152,83,74.5,0.0
2019-08-24,142,88,77.5,0.0
2019-08-25,120,89,78.5,0.0
2019-08-26,148,92,80.5,0.0
2019-08-27,153,89,79.5,0.0
2019-08-28,137,86,78.0,0.0
2019-08-29,162,86,77.5,0.0
2019-08-30,137,90,80.5,0.0
2019-08-31,149,89,79.0,0.0
2019-09-01,133,85,76.5,0.0
2019-09-02,106,97,84.0,0.0
2019-09-03,156,92,82.0,0.0
2019-09-04,157,95,83.5,0.0
2019-09-05,145,94,83.5,0.0
2019-09-06,170,93,83.0,0.0
2019-09-07,143,89,78.0,0.0
2019-09-08,116,81,73.0,0.0
2019-09-09,145,82,74.0,0.0
2019-09-10,142,79,73.5,0.0
2019-09-11,144,82,75.0,0.0
2019-09-12,154,85,75.5,0.0
2019-09-13,161,91,79.0,0.0
2019-09-14,136,95,82.5,0.0
2019-09-15,114,87,77.0,0.0
2019-09-16,136,83,75.0,0.0
2019-09-17,149,83,75.5,0.0
2019-09-18,119,83,75.0,0.0
2019-09-19,128,82,74.5,0.0
2019-09-20,165,82,73.5,0.0
2019-09-21,149,87,76.0,0.0
2019-09-22,137,94,80.5,0.0
2019-09-23,113,84,75.5,0.0
2019-09-24,160,85,75.0,0.0
2019-09-25,115,86,77.5,0.0
2019-09-26,140,79,74.5,0.0
2019-09-27,149,77,73.0,0.0
2019-09-28,113,72,68.0,0.03
2019-09-29,113,76,68.0,0.0
2019-09-30,107,76,66.5,0.0
2019-10-01,124,76,67.5,0.0
2019-10-02,151,81,70.5,0.0
2019-10-03,153,79,69.0,0.0
2019-10-04,151,79,69.0,0.0
2019-10-05,137,83,71.5,0.0
2019-10-06,139,89,73.5,0.0
2019-10-07,127,85,72.5,0.0
2019-10-08,145,81,70.5,0.0
2019-10-09,120,77,69.5,0.0
2019-10-10,118,83,74.0,0.0
2019-10-11,144,89,73.0,0.0
2019-10-12,120,86,73.0,0.0
2019-10-13,126,78,67.5,0.0
2019-10-14,143,76,69.0,0.0
2019-10-15,145,83,71.5,0.0
2019-10-16,150,95,78.5,0.0
2019-10-17,129,79,71.5,0.0
2019-10-18,154,77,69.5,0.0
2019-10-19,118,80,70.0,0.0
2019-10-20,109,88,75.0,0.0
2019-10-21,144,92,79.5,0.0
2019-10-22,140,97,80.5,0.0
2019-10-23,135,93,78.5,0.0
2019-10-24,158,97,80.5,0.0
2019-10-25,144,93,78.5,0.0
2019-10-26,143,89,76.5,0.0
2019-10-27,105,74,68.0,0.0
2019-10-28,117,77,67.0,0.0
2019-10-29,142,73,63.5,0.0
2019-10-30,121,77,66.0,0.0
2019-10-31,131,79,66.0,0.0
2019-11-01,161,84,70.5,0.0
2019-11-02,124,86,70.5,0.0
2019-11-03,108,81,66.5,0.0
2019-11-04,142,82,67.5,0.0
2019-11-05,141,80,66.5,0.0
2019-11-06,148,73,64.0,0.0
2019-11-07,142,75,67.5,0.0
2019-11-08,159,85,70.0,0.0
2019-11-09,117,91,75.0,0.0
2019-11-10,98,77,67.0,0.0
2019-11-11,104,73,67.5,0.0
2019-11-12,129,77,68.0,0.0
2019-11-13,132,73,66.0,0.0
2019-11-14,126,72,64.5,0.0
2019-11-15,140,72,65.0,0.0
2019-11-16,118,80,66.5,0.0
2019-11-17,123,92,73.5,0.0
2019-11-18,124,92,77.5,0.0
2019-11-19,117,80,70.5,0.0
2019-11-20,131,64,58.0,0.63
2019-11-21,140,68,61.0,0.0
2019-11-22,152,72,63.0,0.0
2019-11-23,129,76,65.5,0.0
2019-11-24,111,78,65.0,0.0
2019-11-25,111,71,61.0,0.0
2019-11-26,134,68,61.0,0.0
2019-11-27,141,59,54.5,0.49
2019-11-28,79,52,49.5,1.0
2019-11-29,104,60,51.5,0.0
2019-11-30,110,61,54.0,0.0
2019-12-01,72,65,58.5,0.0
2019-12-02,132,71,61.0,0.0
2019-12-03,125,69,61.5,0.0
2019-12-04,124,64,60.5,1.12
2019-12-05,140,69,61.0,0.0
2019-12-06,176,69,62.5,0.04
2019-12-07,150,68,65.0,0.01
2019-12-08,115,66,61.5,0.2
2019-12-09,163,71,61.5,0.0
2019-12-10,122,69,60.0,0.0
2019-12-11,147,69,59.5,0.0
2019-12-12,139,74,63.5,0.0
2019-12-13,163,71,62.5,0.0
2019-12-14,131,68,62.0,0.0
2019-12-15,121,64,58.5,0.0
2019-12-16,123,70,59.0,0.0
2019-12-17,145,71,57.0,0.0
2019-12-18,139,65,55.5,0.0
2019-12-19,153,69,57.0,0.0
2019-12-20,167,77,63.5,0.0
2019-12-21,106,75,63.5,0.0
2019-12-22,140,69,61.5,0.8
2019-12-23,144,60,55.5,0.92
2019-12-24,100,64,56.0,0.0
2019-12-25,71,61,56.0,1.07
2019-12-26,85,56,51.5,0.68
2019-12-27,106,66,55.0,0.0
2019-12-28,87,64,54.0,0.0
2019-12-29,104,63,55.0,0.0
2019-12-30,101,66,60.0,0.0
2019-12-31,106,75,62.0,0.0
